"filename", "language", "TypeScript", "vue", "TypeScript React", "Less", "XML", "CSS", "comment", "blank", "total"
"c:\Users\rufeng\Desktop\proj\vben-admin-thin-next-main\src\App.vue", "vue", 0, 17, 0, 0, 0, 0, 0, 4, 21
"c:\Users\rufeng\Desktop\proj\vben-admin-thin-next-main\src\api\admin.ts", "TypeScript", 85, 0, 0, 0, 0, 0, 12, 12, 109
"c:\Users\rufeng\Desktop\proj\vben-admin-thin-next-main\src\api\college.ts", "TypeScript", 89, 0, 0, 0, 0, 0, 7, 10, 106
"c:\Users\rufeng\Desktop\proj\vben-admin-thin-next-main\src\api\common.ts", "TypeScript", 10, 0, 0, 0, 0, 0, 7, 3, 20
"c:\Users\rufeng\Desktop\proj\vben-admin-thin-next-main\src\api\demo\account.ts", "TypeScript", 10, 0, 0, 0, 0, 0, 1, 6, 17
"c:\Users\rufeng\Desktop\proj\vben-admin-thin-next-main\src\api\demo\error.ts", "TypeScript", 5, 0, 0, 0, 0, 0, 4, 4, 13
"c:\Users\rufeng\Desktop\proj\vben-admin-thin-next-main\src\api\demo\model\accountModel.ts", "TypeScript", 7, 0, 0, 0, 0, 0, 0, 1, 8
"c:\Users\rufeng\Desktop\proj\vben-admin-thin-next-main\src\api\demo\model\areaModel.ts", "TypeScript", 11, 0, 0, 0, 0, 0, 0, 2, 13
"c:\Users\rufeng\Desktop\proj\vben-admin-thin-next-main\src\api\demo\model\optionsModel.ts", "TypeScript", 9, 0, 0, 0, 0, 0, 3, 4, 16
"c:\Users\rufeng\Desktop\proj\vben-admin-thin-next-main\src\api\demo\model\systemModel.ts", "TypeScript", 57, 0, 0, 0, 0, 0, 3, 15, 75
"c:\Users\rufeng\Desktop\proj\vben-admin-thin-next-main\src\api\demo\model\tableModel.ts", "TypeScript", 12, 0, 0, 0, 0, 0, 6, 3, 21
"c:\Users\rufeng\Desktop\proj\vben-admin-thin-next-main\src\api\demo\system.ts", "TypeScript", 36, 0, 0, 0, 0, 0, 0, 9, 45
"c:\Users\rufeng\Desktop\proj\vben-admin-thin-next-main\src\api\measurement.ts", "TypeScript", 102, 0, 0, 0, 0, 0, 9, 11, 122
"c:\Users\rufeng\Desktop\proj\vben-admin-thin-next-main\src\api\model\baseModel.ts", "TypeScript", 11, 0, 0, 0, 0, 0, 0, 2, 13
"c:\Users\rufeng\Desktop\proj\vben-admin-thin-next-main\src\api\ptclass.ts", "TypeScript", 112, 0, 0, 0, 0, 0, 12, 13, 137
"c:\Users\rufeng\Desktop\proj\vben-admin-thin-next-main\src\api\score.ts", "TypeScript", 87, 0, 0, 0, 0, 0, 63, 10, 160
"c:\Users\rufeng\Desktop\proj\vben-admin-thin-next-main\src\api\scoreSheet.ts", "TypeScript", 41, 0, 0, 0, 0, 0, 7, 8, 56
"c:\Users\rufeng\Desktop\proj\vben-admin-thin-next-main\src\api\student.ts", "TypeScript", 117, 0, 0, 0, 0, 0, 7, 11, 135
"c:\Users\rufeng\Desktop\proj\vben-admin-thin-next-main\src\api\subgroup.ts", "TypeScript", 42, 0, 0, 0, 0, 0, 0, 7, 49
"c:\Users\rufeng\Desktop\proj\vben-admin-thin-next-main\src\api\subject.ts", "TypeScript", 38, 0, 0, 0, 0, 0, 10, 9, 57
"c:\Users\rufeng\Desktop\proj\vben-admin-thin-next-main\src\api\sys\menu.ts", "TypeScript", 8, 0, 0, 0, 0, 0, 3, 4, 15
"c:\Users\rufeng\Desktop\proj\vben-admin-thin-next-main\src\api\sys\model\menuModel.ts", "TypeScript", 12, 0, 0, 0, 0, 0, 3, 2, 17
"c:\Users\rufeng\Desktop\proj\vben-admin-thin-next-main\src\api\sys\model\uploadModel.ts", "TypeScript", 5, 0, 0, 0, 0, 0, 0, 1, 6
"c:\Users\rufeng\Desktop\proj\vben-admin-thin-next-main\src\api\sys\model\userModel.ts", "TypeScript", 27, 0, 0, 0, 0, 0, 6, 5, 38
"c:\Users\rufeng\Desktop\proj\vben-admin-thin-next-main\src\api\sys\upload.ts", "TypeScript", 17, 0, 0, 0, 0, 0, 3, 3, 23
"c:\Users\rufeng\Desktop\proj\vben-admin-thin-next-main\src\api\sys\user.ts", "TypeScript", 30, 0, 0, 0, 0, 0, 3, 7, 40
"c:\Users\rufeng\Desktop\proj\vben-admin-thin-next-main\src\assets\icons\download-count.svg", "XML", 0, 0, 0, 0, 1, 0, 0, 0, 1
"c:\Users\rufeng\Desktop\proj\vben-admin-thin-next-main\src\assets\icons\dynamic-avatar-1.svg", "XML", 0, 0, 0, 0, 1, 0, 0, 0, 1
"c:\Users\rufeng\Desktop\proj\vben-admin-thin-next-main\src\assets\icons\dynamic-avatar-2.svg", "XML", 0, 0, 0, 0, 1, 0, 0, 0, 1
"c:\Users\rufeng\Desktop\proj\vben-admin-thin-next-main\src\assets\icons\dynamic-avatar-3.svg", "XML", 0, 0, 0, 0, 1, 0, 0, 0, 1
"c:\Users\rufeng\Desktop\proj\vben-admin-thin-next-main\src\assets\icons\dynamic-avatar-4.svg", "XML", 0, 0, 0, 0, 1, 0, 0, 0, 1
"c:\Users\rufeng\Desktop\proj\vben-admin-thin-next-main\src\assets\icons\dynamic-avatar-5.svg", "XML", 0, 0, 0, 0, 1, 0, 0, 0, 1
"c:\Users\rufeng\Desktop\proj\vben-admin-thin-next-main\src\assets\icons\dynamic-avatar-6.svg", "XML", 0, 0, 0, 0, 1, 0, 0, 0, 1
"c:\Users\rufeng\Desktop\proj\vben-admin-thin-next-main\src\assets\icons\moon.svg", "XML", 0, 0, 0, 0, 16, 0, 0, 1, 17
"c:\Users\rufeng\Desktop\proj\vben-admin-thin-next-main\src\assets\icons\sun.svg", "XML", 0, 0, 0, 0, 42, 0, 0, 1, 43
"c:\Users\rufeng\Desktop\proj\vben-admin-thin-next-main\src\assets\icons\test.svg", "XML", 0, 0, 0, 0, 20, 0, 1, 0, 21
"c:\Users\rufeng\Desktop\proj\vben-admin-thin-next-main\src\assets\icons\total-sales.svg", "XML", 0, 0, 0, 0, 1, 0, 0, 0, 1
"c:\Users\rufeng\Desktop\proj\vben-admin-thin-next-main\src\assets\icons\transaction.svg", "XML", 0, 0, 0, 0, 1, 0, 0, 0, 1
"c:\Users\rufeng\Desktop\proj\vben-admin-thin-next-main\src\assets\icons\visit-count.svg", "XML", 0, 0, 0, 0, 1, 0, 0, 0, 1
"c:\Users\rufeng\Desktop\proj\vben-admin-thin-next-main\src\assets\svg\illustration.svg", "XML", 0, 0, 0, 0, 1, 0, 0, 0, 1
"c:\Users\rufeng\Desktop\proj\vben-admin-thin-next-main\src\assets\svg\login-bg-dark.svg", "XML", 0, 0, 0, 0, 19, 0, 0, 1, 20
"c:\Users\rufeng\Desktop\proj\vben-admin-thin-next-main\src\assets\svg\login-bg.svg", "XML", 0, 0, 0, 0, 17, 0, 0, 1, 18
"c:\Users\rufeng\Desktop\proj\vben-admin-thin-next-main\src\assets\svg\login-box-bg.svg", "XML", 0, 0, 0, 0, 1, 0, 0, 0, 1
"c:\Users\rufeng\Desktop\proj\vben-admin-thin-next-main\src\assets\svg\net-error.svg", "XML", 0, 0, 0, 0, 1, 0, 0, 0, 1
"c:\Users\rufeng\Desktop\proj\vben-admin-thin-next-main\src\assets\svg\no-data.svg", "XML", 0, 0, 0, 0, 1, 0, 0, 0, 1
"c:\Users\rufeng\Desktop\proj\vben-admin-thin-next-main\src\assets\svg\preview\p-rotate.svg", "XML", 0, 0, 0, 0, 1, 0, 0, 1, 2
"c:\Users\rufeng\Desktop\proj\vben-admin-thin-next-main\src\assets\svg\preview\resume.svg", "XML", 0, 0, 0, 0, 1, 0, 0, 1, 2
"c:\Users\rufeng\Desktop\proj\vben-admin-thin-next-main\src\assets\svg\preview\scale.svg", "XML", 0, 0, 0, 0, 1, 0, 0, 1, 2
"c:\Users\rufeng\Desktop\proj\vben-admin-thin-next-main\src\assets\svg\preview\unrotate.svg", "XML", 0, 0, 0, 0, 1, 0, 0, 1, 2
"c:\Users\rufeng\Desktop\proj\vben-admin-thin-next-main\src\assets\svg\preview\unscale.svg", "XML", 0, 0, 0, 0, 1, 0, 0, 1, 2
"c:\Users\rufeng\Desktop\proj\vben-admin-thin-next-main\src\components\Application\index.ts", "TypeScript", 12, 0, 0, 0, 0, 0, 0, 4, 16
"c:\Users\rufeng\Desktop\proj\vben-admin-thin-next-main\src\components\Application\src\AppDarkModeToggle.vue", "vue", 0, 68, 0, 0, 0, 0, 0, 9, 77
"c:\Users\rufeng\Desktop\proj\vben-admin-thin-next-main\src\components\Application\src\AppLocalePicker.vue", "vue", 0, 64, 0, 0, 0, 0, 4, 9, 77
"c:\Users\rufeng\Desktop\proj\vben-admin-thin-next-main\src\components\Application\src\AppLogo.vue", "vue", 0, 78, 0, 0, 0, 0, 4, 12, 94
"c:\Users\rufeng\Desktop\proj\vben-admin-thin-next-main\src\components\Application\src\AppProvider.vue", "vue", 0, 75, 0, 0, 0, 0, 0, 8, 83
"c:\Users\rufeng\Desktop\proj\vben-admin-thin-next-main\src\components\Application\src\search\AppSearch.vue", "vue", 0, 30, 0, 0, 0, 0, 0, 4, 34
"c:\Users\rufeng\Desktop\proj\vben-admin-thin-next-main\src\components\Application\src\search\AppSearchFooter.vue", "vue", 0, 52, 0, 0, 0, 0, 0, 5, 57
"c:\Users\rufeng\Desktop\proj\vben-admin-thin-next-main\src\components\Application\src\search\AppSearchKeyItem.vue", "vue", 0, 11, 0, 0, 0, 0, 0, 1, 12
"c:\Users\rufeng\Desktop\proj\vben-admin-thin-next-main\src\components\Application\src\search\AppSearchModal.vue", "vue", 0, 233, 0, 0, 0, 0, 0, 35, 268
"c:\Users\rufeng\Desktop\proj\vben-admin-thin-next-main\src\components\Application\src\search\useMenuSearch.ts", "TypeScript", 137, 0, 0, 0, 0, 0, 11, 19, 167
"c:\Users\rufeng\Desktop\proj\vben-admin-thin-next-main\src\components\Application\src\useAppContext.ts", "TypeScript", 13, 0, 0, 0, 0, 0, 0, 5, 18
"c:\Users\rufeng\Desktop\proj\vben-admin-thin-next-main\src\components\Authority\index.ts", "TypeScript", 3, 0, 0, 0, 0, 0, 0, 2, 5
"c:\Users\rufeng\Desktop\proj\vben-admin-thin-next-main\src\components\Authority\src\Authority.vue", "vue", 0, 39, 0, 0, 0, 0, 3, 4, 46
"c:\Users\rufeng\Desktop\proj\vben-admin-thin-next-main\src\components\Basic\index.ts", "TypeScript", 7, 0, 0, 0, 0, 0, 0, 2, 9
"c:\Users\rufeng\Desktop\proj\vben-admin-thin-next-main\src\components\Basic\src\BasicArrow.vue", "vue", 0, 70, 0, 0, 0, 0, 4, 11, 85
"c:\Users\rufeng\Desktop\proj\vben-admin-thin-next-main\src\components\Basic\src\BasicHelp.vue", "vue", 0, 103, 0, 0, 0, 0, 0, 12, 115
"c:\Users\rufeng\Desktop\proj\vben-admin-thin-next-main\src\components\Basic\src\BasicTitle.vue", "vue", 0, 70, 0, 0, 0, 0, 0, 7, 77
"c:\Users\rufeng\Desktop\proj\vben-admin-thin-next-main\src\components\Button\index.ts", "TypeScript", 8, 0, 0, 0, 0, 0, 0, 2, 10
"c:\Users\rufeng\Desktop\proj\vben-admin-thin-next-main\src\components\Button\src\BasicButton.vue", "vue", 0, 37, 0, 0, 0, 0, 0, 4, 41
"c:\Users\rufeng\Desktop\proj\vben-admin-thin-next-main\src\components\Button\src\PopConfirmButton.vue", "vue", 0, 49, 0, 0, 0, 0, 0, 6, 55
"c:\Users\rufeng\Desktop\proj\vben-admin-thin-next-main\src\components\Button\src\props.ts", "TypeScript", 9, 0, 0, 0, 0, 0, 10, 1, 20
"c:\Users\rufeng\Desktop\proj\vben-admin-thin-next-main\src\components\CardList\index.ts", "TypeScript", 3, 0, 0, 0, 0, 0, 0, 2, 5
"c:\Users\rufeng\Desktop\proj\vben-admin-thin-next-main\src\components\CardList\src\CardList.vue", "vue", 0, 176, 0, 0, 0, 0, 0, 8, 184
"c:\Users\rufeng\Desktop\proj\vben-admin-thin-next-main\src\components\CardList\src\data.ts", "TypeScript", 22, 0, 0, 0, 0, 0, 3, 1, 26
"c:\Users\rufeng\Desktop\proj\vben-admin-thin-next-main\src\components\ClickOutSide\index.ts", "TypeScript", 3, 0, 0, 0, 0, 0, 0, 2, 5
"c:\Users\rufeng\Desktop\proj\vben-admin-thin-next-main\src\components\ClickOutSide\src\ClickOutSide.vue", "vue", 0, 17, 0, 0, 0, 0, 0, 3, 20
"c:\Users\rufeng\Desktop\proj\vben-admin-thin-next-main\src\components\CodeEditor\index.ts", "TypeScript", 6, 0, 0, 0, 0, 0, 0, 3, 9
"c:\Users\rufeng\Desktop\proj\vben-admin-thin-next-main\src\components\CodeEditor\src\CodeEditor.vue", "vue", 0, 50, 0, 0, 0, 0, 0, 5, 55
"c:\Users\rufeng\Desktop\proj\vben-admin-thin-next-main\src\components\CodeEditor\src\codemirror\CodeMirror.vue", "vue", 0, 99, 0, 0, 0, 0, 0, 15, 114
"c:\Users\rufeng\Desktop\proj\vben-admin-thin-next-main\src\components\CodeEditor\src\codemirror\codeMirror.ts", "TypeScript", 8, 0, 0, 0, 0, 0, 12, 2, 22
"c:\Users\rufeng\Desktop\proj\vben-admin-thin-next-main\src\components\CodeEditor\src\codemirror\codemirror.css", "CSS", 0, 0, 0, 0, 0, 409, 22, 95, 526
"c:\Users\rufeng\Desktop\proj\vben-admin-thin-next-main\src\components\CodeEditor\src\json-preview\JsonPreview.vue", "vue", 0, 10, 0, 0, 0, 0, 0, 3, 13
"c:\Users\rufeng\Desktop\proj\vben-admin-thin-next-main\src\components\CodeEditor\src\typing.ts", "TypeScript", 5, 0, 0, 0, 0, 0, 0, 1, 6
"c:\Users\rufeng\Desktop\proj\vben-admin-thin-next-main\src\components\Container\index.ts", "TypeScript", 8, 0, 0, 0, 0, 0, 0, 3, 11
"c:\Users\rufeng\Desktop\proj\vben-admin-thin-next-main\src\components\Container\src\LazyContainer.vue", "vue", 0, 136, 0, 0, 0, 0, 0, 10, 146
"c:\Users\rufeng\Desktop\proj\vben-admin-thin-next-main\src\components\Container\src\ScrollContainer.vue", "vue", 0, 85, 0, 0, 0, 0, 0, 9, 94
"c:\Users\rufeng\Desktop\proj\vben-admin-thin-next-main\src\components\Container\src\collapse\CollapseContainer.vue", "vue", 0, 98, 0, 0, 0, 0, 0, 10, 108
"c:\Users\rufeng\Desktop\proj\vben-admin-thin-next-main\src\components\Container\src\collapse\CollapseHeader.vue", "vue", 0, 36, 0, 0, 0, 0, 0, 3, 39
"c:\Users\rufeng\Desktop\proj\vben-admin-thin-next-main\src\components\Container\src\typing.ts", "TypeScript", 15, 0, 0, 0, 0, 0, 0, 3, 18
"c:\Users\rufeng\Desktop\proj\vben-admin-thin-next-main\src\components\ContextMenu\index.ts", "TypeScript", 2, 0, 0, 0, 0, 0, 0, 2, 4
"c:\Users\rufeng\Desktop\proj\vben-admin-thin-next-main\src\components\ContextMenu\src\ContextMenu.vue", "vue", 0, 182, 0, 0, 0, 0, 0, 26, 208
"c:\Users\rufeng\Desktop\proj\vben-admin-thin-next-main\src\components\ContextMenu\src\createContextMenu.ts", "TypeScript", 62, 0, 0, 0, 0, 0, 0, 14, 76
"c:\Users\rufeng\Desktop\proj\vben-admin-thin-next-main\src\components\ContextMenu\src\typing.ts", "TypeScript", 32, 0, 0, 0, 0, 0, 0, 4, 36
"c:\Users\rufeng\Desktop\proj\vben-admin-thin-next-main\src\components\CountDown\index.ts", "TypeScript", 5, 0, 0, 0, 0, 0, 0, 2, 7
"c:\Users\rufeng\Desktop\proj\vben-admin-thin-next-main\src\components\CountDown\src\CountButton.vue", "vue", 0, 56, 0, 0, 0, 0, 0, 7, 63
"c:\Users\rufeng\Desktop\proj\vben-admin-thin-next-main\src\components\CountDown\src\CountdownInput.vue", "vue", 0, 49, 0, 0, 0, 0, 0, 6, 55
"c:\Users\rufeng\Desktop\proj\vben-admin-thin-next-main\src\components\CountDown\src\useCountdown.ts", "TypeScript", 41, 0, 0, 0, 0, 0, 0, 11, 52
"c:\Users\rufeng\Desktop\proj\vben-admin-thin-next-main\src\components\CountTo\index.ts", "TypeScript", 3, 0, 0, 0, 0, 0, 0, 2, 5
"c:\Users\rufeng\Desktop\proj\vben-admin-thin-next-main\src\components\CountTo\src\CountTo.vue", "vue", 0, 97, 0, 0, 0, 0, 0, 14, 111
"c:\Users\rufeng\Desktop\proj\vben-admin-thin-next-main\src\components\Cropper\index.ts", "TypeScript", 6, 0, 0, 0, 0, 0, 0, 2, 8
"c:\Users\rufeng\Desktop\proj\vben-admin-thin-next-main\src\components\Cropper\src\CopperModal.vue", "vue", 0, 261, 0, 0, 0, 0, 0, 23, 284
"c:\Users\rufeng\Desktop\proj\vben-admin-thin-next-main\src\components\Cropper\src\Cropper.vue", "vue", 0, 172, 0, 0, 0, 0, 0, 17, 189
"c:\Users\rufeng\Desktop\proj\vben-admin-thin-next-main\src\components\Cropper\src\CropperAvatar.vue", "vue", 0, 140, 0, 0, 0, 0, 0, 22, 162
"c:\Users\rufeng\Desktop\proj\vben-admin-thin-next-main\src\components\Cropper\src\typing.ts", "TypeScript", 6, 0, 0, 0, 0, 0, 0, 3, 9
"c:\Users\rufeng\Desktop\proj\vben-admin-thin-next-main\src\components\Description\index.ts", "TypeScript", 5, 0, 0, 0, 0, 0, 0, 2, 7
"c:\Users\rufeng\Desktop\proj\vben-admin-thin-next-main\src\components\Description\src\Description.vue", "vue", 0, 160, 0, 0, 0, 0, 0, 22, 182
"c:\Users\rufeng\Desktop\proj\vben-admin-thin-next-main\src\components\Description\src\typing.ts", "TypeScript", 27, 0, 0, 0, 0, 0, 18, 6, 51
"c:\Users\rufeng\Desktop\proj\vben-admin-thin-next-main\src\components\Description\src\useDescription.ts", "TypeScript", 24, 0, 0, 0, 0, 0, 0, 5, 29
"c:\Users\rufeng\Desktop\proj\vben-admin-thin-next-main\src\components\Drawer\index.ts", "TypeScript", 5, 0, 0, 0, 0, 0, 0, 2, 7
"c:\Users\rufeng\Desktop\proj\vben-admin-thin-next-main\src\components\Drawer\src\BasicDrawer.vue", "vue", 0, 225, 0, 0, 0, 0, 0, 32, 257
"c:\Users\rufeng\Desktop\proj\vben-admin-thin-next-main\src\components\Drawer\src\components\DrawerFooter.vue", "vue", 0, 75, 0, 0, 0, 0, 0, 8, 83
"c:\Users\rufeng\Desktop\proj\vben-admin-thin-next-main\src\components\Drawer\src\components\DrawerHeader.vue", "vue", 0, 63, 0, 0, 0, 0, 0, 12, 75
"c:\Users\rufeng\Desktop\proj\vben-admin-thin-next-main\src\components\Drawer\src\props.ts", "TypeScript", 36, 0, 0, 0, 0, 0, 6, 3, 45
"c:\Users\rufeng\Desktop\proj\vben-admin-thin-next-main\src\components\Drawer\src\typing.ts", "TypeScript", 66, 0, 0, 0, 0, 0, 104, 25, 195
"c:\Users\rufeng\Desktop\proj\vben-admin-thin-next-main\src\components\Drawer\src\useDrawer.ts", "TypeScript", 136, 0, 0, 0, 0, 0, 3, 23, 162
"c:\Users\rufeng\Desktop\proj\vben-admin-thin-next-main\src\components\Dropdown\index.ts", "TypeScript", 4, 0, 0, 0, 0, 0, 0, 2, 6
"c:\Users\rufeng\Desktop\proj\vben-admin-thin-next-main\src\components\Dropdown\src\Dropdown.vue", "vue", 0, 89, 0, 0, 0, 0, 0, 8, 97
"c:\Users\rufeng\Desktop\proj\vben-admin-thin-next-main\src\components\Dropdown\src\typing.ts", "TypeScript", 9, 0, 0, 0, 0, 0, 0, 1, 10
"c:\Users\rufeng\Desktop\proj\vben-admin-thin-next-main\src\components\Excel\index.ts", "TypeScript", 7, 0, 0, 0, 0, 0, 0, 2, 9
"c:\Users\rufeng\Desktop\proj\vben-admin-thin-next-main\src\components\Excel\src\Export2Excel.ts", "TypeScript", 45, 0, 0, 0, 0, 0, 6, 9, 60
"c:\Users\rufeng\Desktop\proj\vben-admin-thin-next-main\src\components\Excel\src\ExportExcelModal.vue", "vue", 0, 86, 0, 0, 0, 0, 0, 6, 92
"c:\Users\rufeng\Desktop\proj\vben-admin-thin-next-main\src\components\Excel\src\ImportExcel.vue", "vue", 0, 147, 0, 0, 0, 0, 0, 11, 158
"c:\Users\rufeng\Desktop\proj\vben-admin-thin-next-main\src\components\Excel\src\typing.ts", "TypeScript", 23, 0, 0, 0, 0, 0, 0, 5, 28
"c:\Users\rufeng\Desktop\proj\vben-admin-thin-next-main\src\components\FlowChart\index.ts", "TypeScript", 3, 0, 0, 0, 0, 0, 0, 2, 5
"c:\Users\rufeng\Desktop\proj\vben-admin-thin-next-main\src\components\FlowChart\src\FlowChart.vue", "vue", 0, 140, 0, 0, 0, 0, 0, 19, 159
"c:\Users\rufeng\Desktop\proj\vben-admin-thin-next-main\src\components\FlowChart\src\FlowChartToolbar.vue", "vue", 0, 150, 0, 0, 0, 0, 0, 13, 163
"c:\Users\rufeng\Desktop\proj\vben-admin-thin-next-main\src\components\FlowChart\src\adpterForTurbo.ts", "TypeScript", 71, 0, 0, 0, 0, 0, 1, 4, 76
"c:\Users\rufeng\Desktop\proj\vben-admin-thin-next-main\src\components\FlowChart\src\config.ts", "TypeScript", 94, 0, 0, 0, 0, 0, 0, 3, 97
"c:\Users\rufeng\Desktop\proj\vben-admin-thin-next-main\src\components\FlowChart\src\enum.ts", "TypeScript", 9, 0, 0, 0, 0, 0, 0, 3, 12
"c:\Users\rufeng\Desktop\proj\vben-admin-thin-next-main\src\components\FlowChart\src\types.ts", "TypeScript", 12, 0, 0, 0, 0, 0, 0, 3, 15
"c:\Users\rufeng\Desktop\proj\vben-admin-thin-next-main\src\components\FlowChart\src\useFlowContext.ts", "TypeScript", 12, 0, 0, 0, 0, 0, 0, 6, 18
"c:\Users\rufeng\Desktop\proj\vben-admin-thin-next-main\src\components\Form\index.ts", "TypeScript", 11, 0, 0, 0, 0, 0, 0, 5, 16
"c:\Users\rufeng\Desktop\proj\vben-admin-thin-next-main\src\components\Form\src\BasicForm.vue", "vue", 0, 303, 0, 0, 0, 0, 0, 38, 341
"c:\Users\rufeng\Desktop\proj\vben-admin-thin-next-main\src\components\Form\src\componentMap.ts", "TypeScript", 66, 0, 0, 0, 0, 0, 3, 11, 80
"c:\Users\rufeng\Desktop\proj\vben-admin-thin-next-main\src\components\Form\src\components\ApiCascader.vue", "vue", 0, 185, 0, 0, 0, 0, 0, 13, 198
"c:\Users\rufeng\Desktop\proj\vben-admin-thin-next-main\src\components\Form\src\components\ApiRadioGroup.vue", "vue", 0, 118, 0, 0, 0, 0, 3, 10, 131
"c:\Users\rufeng\Desktop\proj\vben-admin-thin-next-main\src\components\Form\src\components\ApiSelect.vue", "vue", 0, 131, 0, 0, 0, 0, 0, 13, 144
"c:\Users\rufeng\Desktop\proj\vben-admin-thin-next-main\src\components\Form\src\components\ApiTreeSelect.vue", "vue", 0, 80, 0, 0, 0, 0, 0, 7, 87
"c:\Users\rufeng\Desktop\proj\vben-admin-thin-next-main\src\components\Form\src\components\FormAction.vue", "vue", 0, 126, 0, 0, 0, 0, 0, 10, 136
"c:\Users\rufeng\Desktop\proj\vben-admin-thin-next-main\src\components\Form\src\components\FormItem.vue", "vue", 0, 341, 0, 0, 0, 0, 0, 40, 381
"c:\Users\rufeng\Desktop\proj\vben-admin-thin-next-main\src\components\Form\src\components\RadioButtonGroup.vue", "vue", 0, 48, 0, 0, 0, 0, 3, 7, 58
"c:\Users\rufeng\Desktop\proj\vben-admin-thin-next-main\src\components\Form\src\helper.ts", "TypeScript", 57, 0, 0, 0, 0, 0, 7, 9, 73
"c:\Users\rufeng\Desktop\proj\vben-admin-thin-next-main\src\components\Form\src\hooks\useAdvanced.ts", "TypeScript", 137, 0, 0, 0, 0, 0, 4, 25, 166
"c:\Users\rufeng\Desktop\proj\vben-admin-thin-next-main\src\components\Form\src\hooks\useAutoFocus.ts", "TypeScript", 35, 0, 0, 0, 0, 0, 1, 5, 41
"c:\Users\rufeng\Desktop\proj\vben-admin-thin-next-main\src\components\Form\src\hooks\useComponentRegister.ts", "TypeScript", 10, 0, 0, 0, 0, 0, 0, 2, 12
"c:\Users\rufeng\Desktop\proj\vben-admin-thin-next-main\src\components\Form\src\hooks\useForm.ts", "TypeScript", 101, 0, 0, 0, 0, 0, 1, 21, 123
"c:\Users\rufeng\Desktop\proj\vben-admin-thin-next-main\src\components\Form\src\hooks\useFormContext.ts", "TypeScript", 13, 0, 0, 0, 0, 0, 0, 5, 18
"c:\Users\rufeng\Desktop\proj\vben-admin-thin-next-main\src\components\Form\src\hooks\useFormEvents.ts", "TypeScript", 217, 0, 0, 0, 0, 0, 20, 28, 265
"c:\Users\rufeng\Desktop\proj\vben-admin-thin-next-main\src\components\Form\src\hooks\useFormValues.ts", "TypeScript", 73, 0, 0, 0, 0, 0, 5, 10, 88
"c:\Users\rufeng\Desktop\proj\vben-admin-thin-next-main\src\components\Form\src\hooks\useLabelWidth.ts", "TypeScript", 32, 0, 0, 0, 0, 0, 1, 7, 40
"c:\Users\rufeng\Desktop\proj\vben-admin-thin-next-main\src\components\Form\src\props.ts", "TypeScript", 77, 0, 0, 0, 0, 0, 17, 13, 107
"c:\Users\rufeng\Desktop\proj\vben-admin-thin-next-main\src\components\Form\src\types\form.ts", "TypeScript", 133, 0, 0, 0, 0, 0, 56, 32, 221
"c:\Users\rufeng\Desktop\proj\vben-admin-thin-next-main\src\components\Form\src\types\formItem.ts", "TypeScript", 21, 0, 0, 0, 0, 0, 61, 10, 92
"c:\Users\rufeng\Desktop\proj\vben-admin-thin-next-main\src\components\Form\src\types\hooks.ts", "TypeScript", 6, 0, 0, 0, 0, 0, 0, 1, 7
"c:\Users\rufeng\Desktop\proj\vben-admin-thin-next-main\src\components\Form\src\types\index.ts", "TypeScript", 49, 0, 0, 0, 0, 0, 54, 13, 116
"c:\Users\rufeng\Desktop\proj\vben-admin-thin-next-main\src\components\Icon\data\icons.data.ts", "TypeScript", 793, 0, 0, 0, 0, 0, 0, 1, 794
"c:\Users\rufeng\Desktop\proj\vben-admin-thin-next-main\src\components\Icon\index.ts", "TypeScript", 5, 0, 0, 0, 0, 0, 0, 3, 8
"c:\Users\rufeng\Desktop\proj\vben-admin-thin-next-main\src\components\Icon\src\Icon.vue", "vue", 0, 108, 0, 0, 0, 0, 0, 14, 122
"c:\Users\rufeng\Desktop\proj\vben-admin-thin-next-main\src\components\Icon\src\IconPicker.vue", "vue", 0, 179, 0, 0, 0, 0, 1, 23, 203
"c:\Users\rufeng\Desktop\proj\vben-admin-thin-next-main\src\components\Icon\src\SvgIcon.vue", "vue", 0, 61, 0, 0, 0, 0, 0, 5, 66
"c:\Users\rufeng\Desktop\proj\vben-admin-thin-next-main\src\components\Loading\index.ts", "TypeScript", 4, 0, 0, 0, 0, 0, 0, 2, 6
"c:\Users\rufeng\Desktop\proj\vben-admin-thin-next-main\src\components\Loading\src\Loading.vue", "vue", 0, 75, 0, 0, 0, 0, 0, 5, 80
"c:\Users\rufeng\Desktop\proj\vben-admin-thin-next-main\src\components\Loading\src\createLoading.ts", "TypeScript", 56, 0, 0, 0, 0, 0, 1, 9, 66
"c:\Users\rufeng\Desktop\proj\vben-admin-thin-next-main\src\components\Loading\src\typing.ts", "TypeScript", 9, 0, 0, 0, 0, 0, 0, 2, 11
"c:\Users\rufeng\Desktop\proj\vben-admin-thin-next-main\src\components\Loading\src\useLoading.ts", "TypeScript", 39, 0, 0, 0, 0, 0, 0, 11, 50
"c:\Users\rufeng\Desktop\proj\vben-admin-thin-next-main\src\components\Markdown\index.ts", "TypeScript", 6, 0, 0, 0, 0, 0, 0, 2, 8
"c:\Users\rufeng\Desktop\proj\vben-admin-thin-next-main\src\components\Markdown\src\Markdown.vue", "vue", 0, 136, 0, 0, 0, 0, 0, 12, 148
"c:\Users\rufeng\Desktop\proj\vben-admin-thin-next-main\src\components\Markdown\src\MarkdownViewer.vue", "vue", 0, 19, 0, 0, 0, 0, 1, 4, 24
"c:\Users\rufeng\Desktop\proj\vben-admin-thin-next-main\src\components\Markdown\src\typing.ts", "TypeScript", 4, 0, 0, 0, 0, 0, 0, 1, 5
"c:\Users\rufeng\Desktop\proj\vben-admin-thin-next-main\src\components\Menu\index.ts", "TypeScript", 2, 0, 0, 0, 0, 0, 0, 2, 4
"c:\Users\rufeng\Desktop\proj\vben-admin-thin-next-main\src\components\Menu\src\BasicMenu.vue", "vue", 0, 146, 0, 0, 0, 0, 0, 19, 165
"c:\Users\rufeng\Desktop\proj\vben-admin-thin-next-main\src\components\Menu\src\components\BasicMenuItem.vue", "vue", 0, 19, 0, 0, 0, 0, 0, 2, 21
"c:\Users\rufeng\Desktop\proj\vben-admin-thin-next-main\src\components\Menu\src\components\BasicSubMenuItem.vue", "vue", 0, 52, 0, 0, 0, 0, 0, 4, 56
"c:\Users\rufeng\Desktop\proj\vben-admin-thin-next-main\src\components\Menu\src\components\MenuItemContent.vue", "vue", 0, 31, 0, 0, 0, 0, 0, 4, 35
"c:\Users\rufeng\Desktop\proj\vben-admin-thin-next-main\src\components\Menu\src\index.less", "Less", 0, 0, 0, 62, 0, 0, 0, 13, 75
"c:\Users\rufeng\Desktop\proj\vben-admin-thin-next-main\src\components\Menu\src\props.ts", "TypeScript", 53, 0, 0, 0, 0, 0, 2, 6, 61
"c:\Users\rufeng\Desktop\proj\vben-admin-thin-next-main\src\components\Menu\src\types.ts", "TypeScript", 7, 0, 0, 0, 0, 0, 12, 7, 26
"c:\Users\rufeng\Desktop\proj\vben-admin-thin-next-main\src\components\Menu\src\useOpenKeys.ts", "TypeScript", 70, 0, 0, 0, 0, 0, 5, 9, 84
"c:\Users\rufeng\Desktop\proj\vben-admin-thin-next-main\src\components\Modal\index.ts", "TypeScript", 7, 0, 0, 0, 0, 0, 0, 2, 9
"c:\Users\rufeng\Desktop\proj\vben-admin-thin-next-main\src\components\Modal\src\BasicModal.vue", "vue", 0, 219, 0, 0, 0, 0, 0, 24, 243
"c:\Users\rufeng\Desktop\proj\vben-admin-thin-next-main\src\components\Modal\src\components\Modal.tsx", "TypeScript React", 0, 0, 25, 0, 0, 0, 0, 3, 28
"c:\Users\rufeng\Desktop\proj\vben-admin-thin-next-main\src\components\Modal\src\components\ModalClose.vue", "vue", 0, 95, 0, 0, 0, 0, 0, 12, 107
"c:\Users\rufeng\Desktop\proj\vben-admin-thin-next-main\src\components\Modal\src\components\ModalFooter.vue", "vue", 0, 37, 0, 0, 0, 0, 0, 4, 41
"c:\Users\rufeng\Desktop\proj\vben-admin-thin-next-main\src\components\Modal\src\components\ModalHeader.vue", "vue", 0, 21, 0, 0, 0, 0, 0, 2, 23
"c:\Users\rufeng\Desktop\proj\vben-admin-thin-next-main\src\components\Modal\src\components\ModalWrapper.vue", "vue", 0, 148, 0, 0, 0, 0, 0, 22, 170
"c:\Users\rufeng\Desktop\proj\vben-admin-thin-next-main\src\components\Modal\src\hooks\useModal.ts", "TypeScript", 139, 0, 0, 0, 0, 0, 3, 22, 164
"c:\Users\rufeng\Desktop\proj\vben-admin-thin-next-main\src\components\Modal\src\hooks\useModalContext.ts", "TypeScript", 12, 0, 0, 0, 0, 0, 0, 5, 17
"c:\Users\rufeng\Desktop\proj\vben-admin-thin-next-main\src\components\Modal\src\hooks\useModalDrag.ts", "TypeScript", 84, 0, 0, 0, 0, 0, 7, 17, 108
"c:\Users\rufeng\Desktop\proj\vben-admin-thin-next-main\src\components\Modal\src\hooks\useModalFullScreen.ts", "TypeScript", 18, 0, 0, 0, 0, 0, 15, 11, 44
"c:\Users\rufeng\Desktop\proj\vben-admin-thin-next-main\src\components\Modal\src\index.less", "Less", 0, 0, 0, 105, 0, 0, 1, 23, 129
"c:\Users\rufeng\Desktop\proj\vben-admin-thin-next-main\src\components\Modal\src\props.ts", "TypeScript", 48, 0, 0, 0, 0, 0, 11, 25, 84
"c:\Users\rufeng\Desktop\proj\vben-admin-thin-next-main\src\components\Modal\src\typing.ts", "TypeScript", 72, 0, 0, 0, 0, 0, 105, 33, 210
"c:\Users\rufeng\Desktop\proj\vben-admin-thin-next-main\src\components\Page\index.ts", "TypeScript", 6, 0, 0, 0, 0, 0, 0, 4, 10
"c:\Users\rufeng\Desktop\proj\vben-admin-thin-next-main\src\components\Page\src\PageFooter.vue", "vue", 0, 47, 0, 0, 0, 0, 0, 4, 51
"c:\Users\rufeng\Desktop\proj\vben-admin-thin-next-main\src\components\Page\src\PageWrapper.vue", "vue", 0, 165, 0, 0, 0, 0, 0, 22, 187
"c:\Users\rufeng\Desktop\proj\vben-admin-thin-next-main\src\components\Preview\index.ts", "TypeScript", 2, 0, 0, 0, 0, 0, 0, 1, 3
"c:\Users\rufeng\Desktop\proj\vben-admin-thin-next-main\src\components\Preview\src\Functional.vue", "vue", 0, 502, 0, 0, 0, 0, 0, 45, 547
"c:\Users\rufeng\Desktop\proj\vben-admin-thin-next-main\src\components\Preview\src\Preview.vue", "vue", 0, 86, 0, 0, 0, 0, 0, 9, 95
"c:\Users\rufeng\Desktop\proj\vben-admin-thin-next-main\src\components\Preview\src\functional.ts", "TypeScript", 15, 0, 0, 0, 0, 0, 0, 3, 18
"c:\Users\rufeng\Desktop\proj\vben-admin-thin-next-main\src\components\Preview\src\typing.ts", "TypeScript", 45, 0, 0, 0, 0, 0, 0, 5, 50
"c:\Users\rufeng\Desktop\proj\vben-admin-thin-next-main\src\components\Qrcode\index.ts", "TypeScript", 4, 0, 0, 0, 0, 0, 0, 2, 6
"c:\Users\rufeng\Desktop\proj\vben-admin-thin-next-main\src\components\Qrcode\src\Qrcode.vue", "vue", 0, 105, 0, 0, 0, 0, 0, 8, 113
"c:\Users\rufeng\Desktop\proj\vben-admin-thin-next-main\src\components\Qrcode\src\drawCanvas.ts", "TypeScript", 30, 0, 0, 0, 0, 0, 3, 5, 38
"c:\Users\rufeng\Desktop\proj\vben-admin-thin-next-main\src\components\Qrcode\src\drawLogo.ts", "TypeScript", 73, 0, 0, 0, 0, 0, 6, 10, 89
"c:\Users\rufeng\Desktop\proj\vben-admin-thin-next-main\src\components\Qrcode\src\qrcodePlus.ts", "TypeScript", 3, 0, 0, 0, 0, 0, 1, 1, 5
"c:\Users\rufeng\Desktop\proj\vben-admin-thin-next-main\src\components\Qrcode\src\toCanvas.ts", "TypeScript", 10, 0, 0, 0, 0, 0, 0, 1, 11
"c:\Users\rufeng\Desktop\proj\vben-admin-thin-next-main\src\components\Qrcode\src\typing.ts", "TypeScript", 31, 0, 0, 0, 0, 0, 0, 8, 39
"c:\Users\rufeng\Desktop\proj\vben-admin-thin-next-main\src\components\Scrollbar\index.ts", "TypeScript", 3, 0, 0, 0, 0, 0, 3, 3, 9
"c:\Users\rufeng\Desktop\proj\vben-admin-thin-next-main\src\components\Scrollbar\src\Scrollbar.vue", "vue", 0, 185, 0, 0, 0, 0, 0, 22, 207
"c:\Users\rufeng\Desktop\proj\vben-admin-thin-next-main\src\components\Scrollbar\src\bar.ts", "TypeScript", 97, 0, 0, 0, 0, 0, 1, 13, 111
"c:\Users\rufeng\Desktop\proj\vben-admin-thin-next-main\src\components\Scrollbar\src\types.d.ts", "TypeScript", 17, 0, 0, 0, 0, 0, 0, 2, 19
"c:\Users\rufeng\Desktop\proj\vben-admin-thin-next-main\src\components\Scrollbar\src\util.ts", "TypeScript", 44, 0, 0, 0, 0, 0, 1, 6, 51
"c:\Users\rufeng\Desktop\proj\vben-admin-thin-next-main\src\components\SimpleMenu\index.ts", "TypeScript", 2, 0, 0, 0, 0, 0, 0, 1, 3
"c:\Users\rufeng\Desktop\proj\vben-admin-thin-next-main\src\components\SimpleMenu\src\SimpleMenu.vue", "vue", 0, 143, 0, 0, 0, 0, 0, 18, 161
"c:\Users\rufeng\Desktop\proj\vben-admin-thin-next-main\src\components\SimpleMenu\src\SimpleMenuTag.vue", "vue", 0, 58, 0, 0, 0, 0, 0, 11, 69
"c:\Users\rufeng\Desktop\proj\vben-admin-thin-next-main\src\components\SimpleMenu\src\SimpleSubMenu.vue", "vue", 0, 105, 0, 0, 0, 0, 0, 9, 114
"c:\Users\rufeng\Desktop\proj\vben-admin-thin-next-main\src\components\SimpleMenu\src\components\Menu.vue", "vue", 0, 138, 0, 0, 0, 0, 0, 21, 159
"c:\Users\rufeng\Desktop\proj\vben-admin-thin-next-main\src\components\SimpleMenu\src\components\MenuCollapseTransition.vue", "vue", 0, 68, 0, 0, 0, 0, 0, 11, 79
"c:\Users\rufeng\Desktop\proj\vben-admin-thin-next-main\src\components\SimpleMenu\src\components\MenuItem.vue", "vue", 0, 93, 0, 0, 0, 0, 0, 15, 108
"c:\Users\rufeng\Desktop\proj\vben-admin-thin-next-main\src\components\SimpleMenu\src\components\SubMenuItem.vue", "vue", 0, 300, 0, 0, 0, 0, 1, 34, 335
"c:\Users\rufeng\Desktop\proj\vben-admin-thin-next-main\src\components\SimpleMenu\src\components\menu.less", "Less", 0, 0, 0, 257, 0, 0, 6, 47, 310
"c:\Users\rufeng\Desktop\proj\vben-admin-thin-next-main\src\components\SimpleMenu\src\components\types.ts", "TypeScript", 23, 0, 0, 0, 0, 0, 0, 3, 26
"c:\Users\rufeng\Desktop\proj\vben-admin-thin-next-main\src\components\SimpleMenu\src\components\useMenu.ts", "TypeScript", 75, 0, 0, 0, 0, 0, 0, 10, 85
"c:\Users\rufeng\Desktop\proj\vben-admin-thin-next-main\src\components\SimpleMenu\src\components\useSimpleMenuContext.ts", "TypeScript", 14, 0, 0, 0, 0, 0, 0, 5, 19
"c:\Users\rufeng\Desktop\proj\vben-admin-thin-next-main\src\components\SimpleMenu\src\index.less", "Less", 0, 0, 0, 66, 0, 0, 0, 12, 78
"c:\Users\rufeng\Desktop\proj\vben-admin-thin-next-main\src\components\SimpleMenu\src\types.ts", "TypeScript", 5, 0, 0, 0, 0, 0, 0, 1, 6
"c:\Users\rufeng\Desktop\proj\vben-admin-thin-next-main\src\components\SimpleMenu\src\useOpenKeys.ts", "TypeScript", 43, 0, 0, 0, 0, 0, 0, 8, 51
"c:\Users\rufeng\Desktop\proj\vben-admin-thin-next-main\src\components\StrengthMeter\index.ts", "TypeScript", 3, 0, 0, 0, 0, 0, 0, 2, 5
"c:\Users\rufeng\Desktop\proj\vben-admin-thin-next-main\src\components\StrengthMeter\src\StrengthMeter.vue", "vue", 0, 125, 0, 0, 0, 0, 0, 18, 143
"c:\Users\rufeng\Desktop\proj\vben-admin-thin-next-main\src\components\Table\index.ts", "TypeScript", 10, 0, 0, 0, 0, 0, 0, 1, 11
"c:\Users\rufeng\Desktop\proj\vben-admin-thin-next-main\src\components\Table\src\BasicTable.vue", "vue", 0, 382, 0, 0, 0, 0, 0, 52, 434
"c:\Users\rufeng\Desktop\proj\vben-admin-thin-next-main\src\components\Table\src\componentMap.ts", "TypeScript", 29, 0, 0, 0, 0, 0, 0, 6, 35
"c:\Users\rufeng\Desktop\proj\vben-admin-thin-next-main\src\components\Table\src\components\EditTableHeaderIcon.vue", "vue", 0, 16, 0, 0, 0, 0, 0, 1, 17
"c:\Users\rufeng\Desktop\proj\vben-admin-thin-next-main\src\components\Table\src\components\ExpandIcon.tsx", "TypeScript React", 0, 0, 22, 0, 0, 0, 0, 2, 24
"c:\Users\rufeng\Desktop\proj\vben-admin-thin-next-main\src\components\Table\src\components\HeaderCell.vue", "vue", 0, 44, 0, 0, 0, 0, 0, 5, 49
"c:\Users\rufeng\Desktop\proj\vben-admin-thin-next-main\src\components\Table\src\components\TableAction.vue", "vue", 0, 182, 0, 0, 0, 0, 0, 22, 204
"c:\Users\rufeng\Desktop\proj\vben-admin-thin-next-main\src\components\Table\src\components\TableFooter.vue", "vue", 0, 89, 0, 0, 0, 0, 0, 6, 95
"c:\Users\rufeng\Desktop\proj\vben-admin-thin-next-main\src\components\Table\src\components\TableHeader.vue", "vue", 0, 78, 0, 0, 0, 0, 0, 4, 82
"c:\Users\rufeng\Desktop\proj\vben-admin-thin-next-main\src\components\Table\src\components\TableImg.vue", "vue", 0, 80, 0, 0, 0, 0, 0, 6, 86
"c:\Users\rufeng\Desktop\proj\vben-admin-thin-next-main\src\components\Table\src\components\TableTitle.vue", "vue", 0, 48, 0, 0, 0, 0, 0, 6, 54
"c:\Users\rufeng\Desktop\proj\vben-admin-thin-next-main\src\components\Table\src\components\editable\CellComponent.ts", "TypeScript", 40, 0, 0, 0, 0, 0, 0, 5, 45
"c:\Users\rufeng\Desktop\proj\vben-admin-thin-next-main\src\components\Table\src\components\editable\EditableCell.vue", "vue", 0, 427, 0, 0, 0, 0, 0, 62, 489
"c:\Users\rufeng\Desktop\proj\vben-admin-thin-next-main\src\components\Table\src\components\editable\helper.ts", "TypeScript", 22, 0, 0, 0, 0, 0, 3, 4, 29
"c:\Users\rufeng\Desktop\proj\vben-admin-thin-next-main\src\components\Table\src\components\editable\index.ts", "TypeScript", 59, 0, 0, 0, 0, 0, 1, 9, 69
"c:\Users\rufeng\Desktop\proj\vben-admin-thin-next-main\src\components\Table\src\components\settings\ColumnSetting.vue", "vue", 0, 421, 0, 0, 0, 0, 0, 6, 427
"c:\Users\rufeng\Desktop\proj\vben-admin-thin-next-main\src\components\Table\src\components\settings\FullScreenSetting.vue", "vue", 0, 35, 0, 0, 0, 0, 0, 4, 39
"c:\Users\rufeng\Desktop\proj\vben-admin-thin-next-main\src\components\Table\src\components\settings\RedoSetting.vue", "vue", 0, 30, 0, 0, 0, 0, 0, 4, 34
"c:\Users\rufeng\Desktop\proj\vben-admin-thin-next-main\src\components\Table\src\components\settings\SizeSetting.vue", "vue", 0, 59, 0, 0, 0, 0, 0, 6, 65
"c:\Users\rufeng\Desktop\proj\vben-admin-thin-next-main\src\components\Table\src\components\settings\index.vue", "vue", 0, 70, 0, 0, 0, 0, 0, 7, 77
"c:\Users\rufeng\Desktop\proj\vben-admin-thin-next-main\src\components\Table\src\const.ts", "TypeScript", 20, 0, 0, 0, 0, 0, 6, 13, 39
"c:\Users\rufeng\Desktop\proj\vben-admin-thin-next-main\src\components\Table\src\hooks\useColumns.ts", "TypeScript", 276, 0, 0, 0, 0, 0, 13, 41, 330
"c:\Users\rufeng\Desktop\proj\vben-admin-thin-next-main\src\components\Table\src\hooks\useCustomRow.ts", "TypeScript", 92, 0, 0, 0, 0, 0, 2, 7, 101
"c:\Users\rufeng\Desktop\proj\vben-admin-thin-next-main\src\components\Table\src\hooks\useDataSource.ts", "TypeScript", 325, 0, 0, 0, 0, 0, 9, 39, 373
"c:\Users\rufeng\Desktop\proj\vben-admin-thin-next-main\src\components\Table\src\hooks\useLoading.ts", "TypeScript", 16, 0, 0, 0, 0, 0, 0, 6, 22
"c:\Users\rufeng\Desktop\proj\vben-admin-thin-next-main\src\components\Table\src\hooks\usePagination.tsx", "TypeScript React", 0, 0, 72, 0, 0, 0, 0, 14, 86
"c:\Users\rufeng\Desktop\proj\vben-admin-thin-next-main\src\components\Table\src\hooks\useRowSelection.ts", "TypeScript", 107, 0, 0, 0, 0, 0, 3, 16, 126
"c:\Users\rufeng\Desktop\proj\vben-admin-thin-next-main\src\components\Table\src\hooks\useTable.ts", "TypeScript", 149, 0, 0, 0, 0, 0, 0, 13, 162
"c:\Users\rufeng\Desktop\proj\vben-admin-thin-next-main\src\components\Table\src\hooks\useTableContext.ts", "TypeScript", 17, 0, 0, 0, 0, 0, 0, 6, 23
"c:\Users\rufeng\Desktop\proj\vben-admin-thin-next-main\src\components\Table\src\hooks\useTableExpand.ts", "TypeScript", 49, 0, 0, 0, 0, 0, 0, 10, 59
"c:\Users\rufeng\Desktop\proj\vben-admin-thin-next-main\src\components\Table\src\hooks\useTableFooter.ts", "TypeScript", 52, 0, 0, 0, 0, 0, 0, 6, 58
"c:\Users\rufeng\Desktop\proj\vben-admin-thin-next-main\src\components\Table\src\hooks\useTableForm.ts", "TypeScript", 45, 0, 0, 0, 0, 0, 0, 6, 51
"c:\Users\rufeng\Desktop\proj\vben-admin-thin-next-main\src\components\Table\src\hooks\useTableHeader.ts", "TypeScript", 52, 0, 0, 0, 0, 0, 0, 3, 55
"c:\Users\rufeng\Desktop\proj\vben-admin-thin-next-main\src\components\Table\src\hooks\useTableScroll.ts", "TypeScript", 150, 0, 0, 0, 0, 0, 9, 35, 194
"c:\Users\rufeng\Desktop\proj\vben-admin-thin-next-main\src\components\Table\src\hooks\useTableStyle.ts", "TypeScript", 18, 0, 0, 0, 0, 0, 0, 3, 21
"c:\Users\rufeng\Desktop\proj\vben-admin-thin-next-main\src\components\Table\src\props.ts", "TypeScript", 143, 0, 0, 0, 0, 0, 5, 2, 150
"c:\Users\rufeng\Desktop\proj\vben-admin-thin-next-main\src\components\Table\src\types\column.ts", "TypeScript", 54, 0, 0, 0, 0, 0, 113, 32, 199
"c:\Users\rufeng\Desktop\proj\vben-admin-thin-next-main\src\components\Table\src\types\componentType.ts", "TypeScript", 10, 0, 0, 0, 0, 0, 0, 1, 11
"c:\Users\rufeng\Desktop\proj\vben-admin-thin-next-main\src\components\Table\src\types\pagination.ts", "TypeScript", 25, 0, 0, 0, 0, 0, 60, 15, 100
"c:\Users\rufeng\Desktop\proj\vben-admin-thin-next-main\src\components\Table\src\types\table.ts", "TypeScript", 211, 0, 0, 0, 0, 0, 192, 58, 461
"c:\Users\rufeng\Desktop\proj\vben-admin-thin-next-main\src\components\Table\src\types\tableAction.ts", "TypeScript", 23, 0, 0, 0, 0, 0, 2, 2, 27
"c:\Users\rufeng\Desktop\proj\vben-admin-thin-next-main\src\components\Time\index.ts", "TypeScript", 3, 0, 0, 0, 0, 0, 0, 2, 5
"c:\Users\rufeng\Desktop\proj\vben-admin-thin-next-main\src\components\Time\src\Time.vue", "vue", 0, 95, 0, 0, 0, 0, 0, 14, 109
"c:\Users\rufeng\Desktop\proj\vben-admin-thin-next-main\src\components\Tinymce\index.ts", "TypeScript", 3, 0, 0, 0, 0, 0, 0, 2, 5
"c:\Users\rufeng\Desktop\proj\vben-admin-thin-next-main\src\components\Tinymce\src\Editor.vue", "vue", 0, 311, 0, 0, 0, 0, 0, 36, 347
"c:\Users\rufeng\Desktop\proj\vben-admin-thin-next-main\src\components\Tinymce\src\ImgUpload.vue", "vue", 0, 87, 0, 0, 0, 0, 0, 10, 97
"c:\Users\rufeng\Desktop\proj\vben-admin-thin-next-main\src\components\Tinymce\src\helper.ts", "TypeScript", 79, 0, 0, 0, 0, 0, 0, 3, 82
"c:\Users\rufeng\Desktop\proj\vben-admin-thin-next-main\src\components\Tinymce\src\tinymce.ts", "TypeScript", 7, 0, 0, 0, 0, 0, 4, 3, 14
"c:\Users\rufeng\Desktop\proj\vben-admin-thin-next-main\src\components\Transition\index.ts", "TypeScript", 22, 0, 0, 0, 0, 0, 0, 6, 28
"c:\Users\rufeng\Desktop\proj\vben-admin-thin-next-main\src\components\Transition\src\CollapseTransition.vue", "vue", 0, 68, 0, 0, 0, 0, 0, 11, 79
"c:\Users\rufeng\Desktop\proj\vben-admin-thin-next-main\src\components\Transition\src\CreateTransition.tsx", "TypeScript React", 0, 0, 69, 0, 0, 0, 0, 5, 74
"c:\Users\rufeng\Desktop\proj\vben-admin-thin-next-main\src\components\Transition\src\ExpandTransition.ts", "TypeScript", 65, 0, 0, 0, 0, 0, 7, 18, 90
"c:\Users\rufeng\Desktop\proj\vben-admin-thin-next-main\src\components\Tree\index.ts", "TypeScript", 4, 0, 0, 0, 0, 0, 0, 2, 6
"c:\Users\rufeng\Desktop\proj\vben-admin-thin-next-main\src\components\Tree\src\Tree.vue", "vue", 0, 468, 0, 0, 0, 0, 0, 63, 531
"c:\Users\rufeng\Desktop\proj\vben-admin-thin-next-main\src\components\Tree\src\TreeHeader.vue", "vue", 0, 170, 0, 0, 0, 0, 0, 14, 184
"c:\Users\rufeng\Desktop\proj\vben-admin-thin-next-main\src\components\Tree\src\TreeIcon.ts", "TypeScript", 14, 0, 0, 0, 0, 0, 0, 4, 18
"c:\Users\rufeng\Desktop\proj\vben-admin-thin-next-main\src\components\Tree\src\props.ts", "TypeScript", 91, 0, 0, 0, 0, 0, 5, 13, 109
"c:\Users\rufeng\Desktop\proj\vben-admin-thin-next-main\src\components\Tree\src\typing.ts", "TypeScript", 47, 0, 0, 0, 0, 0, 0, 8, 55
"c:\Users\rufeng\Desktop\proj\vben-admin-thin-next-main\src\components\Tree\src\useTree.ts", "TypeScript", 165, 0, 0, 0, 0, 0, 10, 17, 192
"c:\Users\rufeng\Desktop\proj\vben-admin-thin-next-main\src\components\Upload\index.ts", "TypeScript", 3, 0, 0, 0, 0, 0, 0, 2, 5
"c:\Users\rufeng\Desktop\proj\vben-admin-thin-next-main\src\components\Upload\src\BasicUpload.vue", "vue", 0, 110, 0, 0, 0, 0, 0, 15, 125
"c:\Users\rufeng\Desktop\proj\vben-admin-thin-next-main\src\components\Upload\src\FileList.vue", "vue", 0, 97, 0, 0, 0, 0, 0, 8, 105
"c:\Users\rufeng\Desktop\proj\vben-admin-thin-next-main\src\components\Upload\src\ThumbUrl.vue", "vue", 0, 28, 0, 0, 0, 0, 0, 2, 30
"c:\Users\rufeng\Desktop\proj\vben-admin-thin-next-main\src\components\Upload\src\UploadModal.vue", "vue", 0, 303, 0, 0, 0, 0, 0, 25, 328
"c:\Users\rufeng\Desktop\proj\vben-admin-thin-next-main\src\components\Upload\src\UploadPreviewModal.vue", "vue", 0, 92, 0, 0, 0, 0, 0, 8, 100
"c:\Users\rufeng\Desktop\proj\vben-admin-thin-next-main\src\components\Upload\src\data.tsx", "TypeScript React", 0, 0, 134, 0, 0, 0, 14, 6, 154
"c:\Users\rufeng\Desktop\proj\vben-admin-thin-next-main\src\components\Upload\src\helper.ts", "TypeScript", 22, 0, 0, 0, 0, 0, 1, 5, 28
"c:\Users\rufeng\Desktop\proj\vben-admin-thin-next-main\src\components\Upload\src\props.ts", "TypeScript", 76, 0, 0, 0, 0, 0, 3, 5, 84
"c:\Users\rufeng\Desktop\proj\vben-admin-thin-next-main\src\components\Upload\src\typing.ts", "TypeScript", 29, 0, 0, 0, 0, 0, 21, 6, 56
"c:\Users\rufeng\Desktop\proj\vben-admin-thin-next-main\src\components\Upload\src\useUpload.ts", "TypeScript", 54, 0, 0, 0, 0, 0, 2, 5, 61
"c:\Users\rufeng\Desktop\proj\vben-admin-thin-next-main\src\components\Verify\index.ts", "TypeScript", 6, 0, 0, 0, 0, 0, 0, 2, 8
"c:\Users\rufeng\Desktop\proj\vben-admin-thin-next-main\src\components\Verify\src\DragVerify.vue", "vue", 0, 335, 0, 0, 0, 0, 0, 37, 372
"c:\Users\rufeng\Desktop\proj\vben-admin-thin-next-main\src\components\Verify\src\ImgRotate.vue", "vue", 0, 199, 0, 0, 0, 0, 0, 22, 221
"c:\Users\rufeng\Desktop\proj\vben-admin-thin-next-main\src\components\Verify\src\props.ts", "TypeScript", 75, 0, 0, 0, 0, 0, 0, 13, 88
"c:\Users\rufeng\Desktop\proj\vben-admin-thin-next-main\src\components\Verify\src\typing.ts", "TypeScript", 12, 0, 0, 0, 0, 0, 0, 3, 15
"c:\Users\rufeng\Desktop\proj\vben-admin-thin-next-main\src\components\VirtualScroll\index.ts", "TypeScript", 3, 0, 0, 0, 0, 0, 0, 2, 5
"c:\Users\rufeng\Desktop\proj\vben-admin-thin-next-main\src\components\VirtualScroll\src\VirtualScroll.vue", "vue", 0, 167, 0, 0, 0, 0, 0, 24, 191
"c:\Users\rufeng\Desktop\proj\vben-admin-thin-next-main\src\components\registerGlobComp.ts", "TypeScript", 14, 0, 0, 0, 0, 0, 1, 4, 19
"c:\Users\rufeng\Desktop\proj\vben-admin-thin-next-main\src\design\ant\btn.less", "Less", 0, 0, 0, 215, 0, 0, 54, 49, 318
"c:\Users\rufeng\Desktop\proj\vben-admin-thin-next-main\src\design\ant\index.less", "Less", 0, 0, 0, 48, 0, 0, 5, 13, 66
"c:\Users\rufeng\Desktop\proj\vben-admin-thin-next-main\src\design\ant\input.less", "Less", 0, 0, 0, 18, 0, 0, 1, 6, 25
"c:\Users\rufeng\Desktop\proj\vben-admin-thin-next-main\src\design\ant\pagination.less", "Less", 0, 0, 0, 81, 0, 0, 0, 16, 97
"c:\Users\rufeng\Desktop\proj\vben-admin-thin-next-main\src\design\ant\table.less", "Less", 0, 0, 0, 66, 0, 0, 2, 9, 77
"c:\Users\rufeng\Desktop\proj\vben-admin-thin-next-main\src\design\color.less", "Less", 0, 0, 0, 59, 0, 0, 50, 30, 139
"c:\Users\rufeng\Desktop\proj\vben-admin-thin-next-main\src\design\config.less", "Less", 0, 0, 0, 2, 0, 0, 0, 1, 3
"c:\Users\rufeng\Desktop\proj\vben-admin-thin-next-main\src\design\index.less", "Less", 0, 0, 0, 37, 0, 0, 0, 8, 45
"c:\Users\rufeng\Desktop\proj\vben-admin-thin-next-main\src\design\public.less", "Less", 0, 0, 0, 32, 0, 0, 11, 9, 52
"c:\Users\rufeng\Desktop\proj\vben-admin-thin-next-main\src\design\theme.less", "Less", 0, 0, 0, 42, 0, 0, 0, 11, 53
"c:\Users\rufeng\Desktop\proj\vben-admin-thin-next-main\src\design\transition\base.less", "Less", 0, 0, 0, 15, 0, 0, 0, 4, 19
"c:\Users\rufeng\Desktop\proj\vben-admin-thin-next-main\src\design\transition\fade.less", "Less", 0, 0, 0, 56, 0, 0, 10, 16, 82
"c:\Users\rufeng\Desktop\proj\vben-admin-thin-next-main\src\design\transition\index.less", "Less", 0, 0, 0, 9, 0, 0, 0, 2, 11
"c:\Users\rufeng\Desktop\proj\vben-admin-thin-next-main\src\design\transition\scale.less", "Less", 0, 0, 0, 18, 0, 0, 0, 4, 22
"c:\Users\rufeng\Desktop\proj\vben-admin-thin-next-main\src\design\transition\scroll.less", "Less", 0, 0, 0, 52, 0, 0, 0, 16, 68
"c:\Users\rufeng\Desktop\proj\vben-admin-thin-next-main\src\design\transition\slide.less", "Less", 0, 0, 0, 32, 0, 0, 0, 8, 40
"c:\Users\rufeng\Desktop\proj\vben-admin-thin-next-main\src\design\transition\zoom.less", "Less", 0, 0, 0, 21, 0, 0, 2, 5, 28
"c:\Users\rufeng\Desktop\proj\vben-admin-thin-next-main\src\design\var\breakpoint.less", "Less", 0, 0, 0, 17, 0, 0, 9, 8, 34
"c:\Users\rufeng\Desktop\proj\vben-admin-thin-next-main\src\design\var\easing.less", "Less", 0, 0, 0, 14, 0, 0, 3, 2, 19
"c:\Users\rufeng\Desktop\proj\vben-admin-thin-next-main\src\design\var\index.less", "Less", 0, 0, 0, 21, 0, 0, 4, 15, 40
"c:\Users\rufeng\Desktop\proj\vben-admin-thin-next-main\src\directives\clickOutside.ts", "TypeScript", 76, 0, 0, 0, 0, 0, 1, 10, 87
"c:\Users\rufeng\Desktop\proj\vben-admin-thin-next-main\src\directives\index.ts", "TypeScript", 7, 0, 0, 0, 0, 0, 3, 2, 12
"c:\Users\rufeng\Desktop\proj\vben-admin-thin-next-main\src\directives\loading.ts", "TypeScript", 38, 0, 0, 0, 0, 0, 0, 4, 42
"c:\Users\rufeng\Desktop\proj\vben-admin-thin-next-main\src\directives\permission.ts", "TypeScript", 20, 0, 0, 0, 0, 0, 5, 8, 33
"c:\Users\rufeng\Desktop\proj\vben-admin-thin-next-main\src\directives\repeatClick.ts", "TypeScript", 24, 0, 0, 0, 0, 0, 4, 4, 32
"c:\Users\rufeng\Desktop\proj\vben-admin-thin-next-main\src\directives\ripple\index.less", "Less", 0, 0, 0, 20, 0, 0, 0, 2, 22
"c:\Users\rufeng\Desktop\proj\vben-admin-thin-next-main\src\directives\ripple\index.ts", "TypeScript", 163, 0, 0, 0, 0, 0, 2, 27, 192
"c:\Users\rufeng\Desktop\proj\vben-admin-thin-next-main\src\enums\appEnum.ts", "TypeScript", 32, 0, 0, 0, 0, 0, 10, 7, 49
"c:\Users\rufeng\Desktop\proj\vben-admin-thin-next-main\src\enums\breakpointEnum.ts", "TypeScript", 24, 0, 0, 0, 0, 0, 0, 5, 29
"c:\Users\rufeng\Desktop\proj\vben-admin-thin-next-main\src\enums\cacheEnum.ts", "TypeScript", 14, 0, 0, 0, 0, 0, 7, 11, 32
"c:\Users\rufeng\Desktop\proj\vben-admin-thin-next-main\src\enums\exceptionEnum.ts", "TypeScript", 14, 0, 0, 0, 0, 0, 8, 6, 28
"c:\Users\rufeng\Desktop\proj\vben-admin-thin-next-main\src\enums\genderEnum.ts", "TypeScript", 4, 0, 0, 0, 0, 0, 7, 1, 12
"c:\Users\rufeng\Desktop\proj\vben-admin-thin-next-main\src\enums\gradeEnum.ts", "TypeScript", 61, 0, 0, 0, 0, 0, 7, 8, 76
"c:\Users\rufeng\Desktop\proj\vben-admin-thin-next-main\src\enums\httpEnum.ts", "TypeScript", 17, 0, 0, 0, 0, 0, 12, 3, 32
"c:\Users\rufeng\Desktop\proj\vben-admin-thin-next-main\src\enums\menuEnum.ts", "TypeScript", 32, 0, 0, 0, 0, 0, 11, 8, 51
"c:\Users\rufeng\Desktop\proj\vben-admin-thin-next-main\src\enums\orderEnum.ts", "TypeScript", 5, 0, 0, 0, 0, 0, 7, 2, 14
"c:\Users\rufeng\Desktop\proj\vben-admin-thin-next-main\src\enums\pageEnum.ts", "TypeScript", 6, 0, 0, 0, 0, 0, 4, 1, 11
"c:\Users\rufeng\Desktop\proj\vben-admin-thin-next-main\src\enums\roleEnum.ts", "TypeScript", 4, 0, 0, 0, 0, 0, 2, 2, 8
"c:\Users\rufeng\Desktop\proj\vben-admin-thin-next-main\src\enums\sizeEnum.ts", "TypeScript", 17, 0, 0, 0, 0, 0, 0, 3, 20
"c:\Users\rufeng\Desktop\proj\vben-admin-thin-next-main\src\enums\userTypeEnum.ts", "TypeScript", 4, 0, 0, 0, 0, 0, 7, 1, 12
"c:\Users\rufeng\Desktop\proj\vben-admin-thin-next-main\src\hooks\component\useFormItem.ts", "TypeScript", 50, 0, 0, 0, 0, 0, 0, 11, 61
"c:\Users\rufeng\Desktop\proj\vben-admin-thin-next-main\src\hooks\component\usePageContext.ts", "TypeScript", 14, 0, 0, 0, 0, 0, 0, 5, 19
"c:\Users\rufeng\Desktop\proj\vben-admin-thin-next-main\src\hooks\core\onMountedOrActivated.ts", "TypeScript", 15, 0, 0, 0, 0, 0, 0, 4, 19
"c:\Users\rufeng\Desktop\proj\vben-admin-thin-next-main\src\hooks\core\useAttrs.ts", "TypeScript", 30, 0, 0, 0, 0, 0, 1, 10, 41
"c:\Users\rufeng\Desktop\proj\vben-admin-thin-next-main\src\hooks\core\useContext.ts", "TypeScript", 37, 0, 0, 0, 0, 0, 1, 8, 46
"c:\Users\rufeng\Desktop\proj\vben-admin-thin-next-main\src\hooks\core\useLockFn.ts", "TypeScript", 16, 0, 0, 0, 0, 0, 0, 2, 18
"c:\Users\rufeng\Desktop\proj\vben-admin-thin-next-main\src\hooks\core\useRefs.ts", "TypeScript", 12, 0, 0, 0, 0, 0, 0, 5, 17
"c:\Users\rufeng\Desktop\proj\vben-admin-thin-next-main\src\hooks\core\useTimeout.ts", "TypeScript", 38, 0, 0, 0, 0, 0, 0, 8, 46
"c:\Users\rufeng\Desktop\proj\vben-admin-thin-next-main\src\hooks\event\useBreakpoint.ts", "TypeScript", 77, 0, 0, 0, 0, 0, 2, 11, 90
"c:\Users\rufeng\Desktop\proj\vben-admin-thin-next-main\src\hooks\event\useEventListener.ts", "TypeScript", 52, 0, 0, 0, 0, 0, 1, 6, 59
"c:\Users\rufeng\Desktop\proj\vben-admin-thin-next-main\src\hooks\event\useIntersectionObserver.ts", "TypeScript", 41, 0, 0, 0, 0, 0, 0, 8, 49
"c:\Users\rufeng\Desktop\proj\vben-admin-thin-next-main\src\hooks\event\useScroll.ts", "TypeScript", 57, 0, 0, 0, 0, 0, 0, 9, 66
"c:\Users\rufeng\Desktop\proj\vben-admin-thin-next-main\src\hooks\event\useScrollTo.ts", "TypeScript", 53, 0, 0, 0, 0, 0, 0, 7, 60
"c:\Users\rufeng\Desktop\proj\vben-admin-thin-next-main\src\hooks\event\useWindowSizeFn.ts", "TypeScript", 30, 0, 0, 0, 0, 0, 0, 7, 37
"c:\Users\rufeng\Desktop\proj\vben-admin-thin-next-main\src\hooks\setting\index.ts", "TypeScript", 25, 0, 0, 0, 0, 0, 1, 5, 31
"c:\Users\rufeng\Desktop\proj\vben-admin-thin-next-main\src\hooks\setting\useHeaderSetting.ts", "TypeScript", 81, 0, 0, 0, 0, 0, 1, 24, 106
"c:\Users\rufeng\Desktop\proj\vben-admin-thin-next-main\src\hooks\setting\useMenuSetting.ts", "TypeScript", 125, 0, 0, 0, 0, 0, 1, 41, 167
"c:\Users\rufeng\Desktop\proj\vben-admin-thin-next-main\src\hooks\setting\useMultipleTabSetting.ts", "TypeScript", 20, 0, 0, 0, 0, 0, 0, 9, 29
"c:\Users\rufeng\Desktop\proj\vben-admin-thin-next-main\src\hooks\setting\useRootSetting.ts", "TypeScript", 67, 0, 0, 0, 0, 0, 0, 29, 96
"c:\Users\rufeng\Desktop\proj\vben-admin-thin-next-main\src\hooks\setting\useTransitionSetting.ts", "TypeScript", 22, 0, 0, 0, 0, 0, 0, 10, 32
"c:\Users\rufeng\Desktop\proj\vben-admin-thin-next-main\src\hooks\web\useAppInject.ts", "TypeScript", 8, 0, 0, 0, 0, 0, 0, 3, 11
"c:\Users\rufeng\Desktop\proj\vben-admin-thin-next-main\src\hooks\web\useContentHeight.ts", "TypeScript", 155, 0, 0, 0, 0, 0, 19, 18, 192
"c:\Users\rufeng\Desktop\proj\vben-admin-thin-next-main\src\hooks\web\useContextMenu.ts", "TypeScript", 12, 0, 0, 0, 0, 0, 0, 1, 13
"c:\Users\rufeng\Desktop\proj\vben-admin-thin-next-main\src\hooks\web\useCopyToClipboard.ts", "TypeScript", 55, 0, 0, 0, 0, 0, 0, 15, 70
"c:\Users\rufeng\Desktop\proj\vben-admin-thin-next-main\src\hooks\web\useDesign.ts", "TypeScript", 8, 0, 0, 0, 0, 0, 13, 2, 23
"c:\Users\rufeng\Desktop\proj\vben-admin-thin-next-main\src\hooks\web\useECharts.ts", "TypeScript", 102, 0, 0, 0, 0, 0, 0, 15, 117
"c:\Users\rufeng\Desktop\proj\vben-admin-thin-next-main\src\hooks\web\useFullContent.ts", "TypeScript", 17, 0, 0, 0, 0, 0, 6, 6, 29
"c:\Users\rufeng\Desktop\proj\vben-admin-thin-next-main\src\hooks\web\useI18n.ts", "TypeScript", 42, 0, 0, 0, 0, 0, 4, 10, 56
"c:\Users\rufeng\Desktop\proj\vben-admin-thin-next-main\src\hooks\web\useLockPage.ts", "TypeScript", 59, 0, 0, 0, 0, 0, 1, 13, 73
"c:\Users\rufeng\Desktop\proj\vben-admin-thin-next-main\src\hooks\web\useMessage.tsx", "TypeScript React", 0, 0, 101, 0, 0, 0, 6, 17, 124
"c:\Users\rufeng\Desktop\proj\vben-admin-thin-next-main\src\hooks\web\usePage.ts", "TypeScript", 50, 0, 0, 0, 0, 0, 4, 7, 61
"c:\Users\rufeng\Desktop\proj\vben-admin-thin-next-main\src\hooks\web\usePagination.ts", "TypeScript", 27, 0, 0, 0, 0, 0, 0, 8, 35
"c:\Users\rufeng\Desktop\proj\vben-admin-thin-next-main\src\hooks\web\usePermission.ts", "TypeScript", 74, 0, 0, 0, 0, 0, 20, 17, 111
"c:\Users\rufeng\Desktop\proj\vben-admin-thin-next-main\src\hooks\web\useScript.ts", "TypeScript", 39, 0, 0, 0, 0, 0, 0, 8, 47
"c:\Users\rufeng\Desktop\proj\vben-admin-thin-next-main\src\hooks\web\useSortable.ts", "TypeScript", 18, 0, 0, 0, 0, 0, 0, 4, 22
"c:\Users\rufeng\Desktop\proj\vben-admin-thin-next-main\src\hooks\web\useTabs.ts", "TypeScript", 86, 0, 0, 0, 0, 0, 0, 18, 104
"c:\Users\rufeng\Desktop\proj\vben-admin-thin-next-main\src\hooks\web\useTitle.ts", "TypeScript", 26, 0, 0, 0, 0, 0, 3, 7, 36
"c:\Users\rufeng\Desktop\proj\vben-admin-thin-next-main\src\hooks\web\useWatermark.ts", "TypeScript", 91, 0, 0, 0, 0, 0, 0, 10, 101
"c:\Users\rufeng\Desktop\proj\vben-admin-thin-next-main\src\layouts\default\content\index.vue", "vue", 0, 46, 0, 0, 0, 0, 0, 6, 52
"c:\Users\rufeng\Desktop\proj\vben-admin-thin-next-main\src\layouts\default\content\useContentContext.ts", "TypeScript", 13, 0, 0, 0, 0, 0, 0, 5, 18
"c:\Users\rufeng\Desktop\proj\vben-admin-thin-next-main\src\layouts\default\content\useContentViewHeight.ts", "TypeScript", 36, 0, 0, 0, 0, 0, 0, 7, 43
"c:\Users\rufeng\Desktop\proj\vben-admin-thin-next-main\src\layouts\default\feature\index.vue", "vue", 0, 72, 0, 0, 0, 0, 0, 12, 84
"c:\Users\rufeng\Desktop\proj\vben-admin-thin-next-main\src\layouts\default\footer\index.vue", "vue", 0, 77, 0, 0, 0, 0, 0, 19, 96
"c:\Users\rufeng\Desktop\proj\vben-admin-thin-next-main\src\layouts\default\header\MultipleHeader.vue", "vue", 0, 109, 0, 0, 0, 0, 0, 18, 127
"c:\Users\rufeng\Desktop\proj\vben-admin-thin-next-main\src\layouts\default\header\components\Breadcrumb.vue", "vue", 0, 173, 0, 0, 0, 0, 0, 32, 205
"c:\Users\rufeng\Desktop\proj\vben-admin-thin-next-main\src\layouts\default\header\components\ErrorAction.vue", "vue", 0, 41, 0, 0, 0, 0, 0, 8, 49
"c:\Users\rufeng\Desktop\proj\vben-admin-thin-next-main\src\layouts\default\header\components\FullScreen.vue", "vue", 0, 33, 0, 0, 0, 0, 0, 5, 38
"c:\Users\rufeng\Desktop\proj\vben-admin-thin-next-main\src\layouts\default\header\components\index.ts", "TypeScript", 9, 0, 0, 0, 0, 0, 0, 6, 15
"c:\Users\rufeng\Desktop\proj\vben-admin-thin-next-main\src\layouts\default\header\components\lock\LockModal.vue", "vue", 0, 108, 0, 0, 0, 0, 0, 16, 124
"c:\Users\rufeng\Desktop\proj\vben-admin-thin-next-main\src\layouts\default\header\components\notify\NoticeList.vue", "vue", 0, 176, 0, 0, 0, 0, 0, 14, 190
"c:\Users\rufeng\Desktop\proj\vben-admin-thin-next-main\src\layouts\default\header\components\notify\data.ts", "TypeScript", 188, 0, 0, 0, 0, 0, 3, 3, 194
"c:\Users\rufeng\Desktop\proj\vben-admin-thin-next-main\src\layouts\default\header\components\notify\index.vue", "vue", 0, 80, 0, 0, 0, 0, 1, 11, 92
"c:\Users\rufeng\Desktop\proj\vben-admin-thin-next-main\src\layouts\default\header\components\user-dropdown\DropMenuItem.vue", "vue", 0, 28, 0, 0, 0, 0, 0, 4, 32
"c:\Users\rufeng\Desktop\proj\vben-admin-thin-next-main\src\layouts\default\header\components\user-dropdown\index.vue", "vue", 0, 154, 0, 0, 0, 0, 0, 22, 176
"c:\Users\rufeng\Desktop\proj\vben-admin-thin-next-main\src\layouts\default\header\index.less", "Less", 0, 0, 0, 164, 0, 0, 2, 31, 197
"c:\Users\rufeng\Desktop\proj\vben-admin-thin-next-main\src\layouts\default\header\index.vue", "vue", 0, 169, 0, 0, 0, 0, 6, 27, 202
"c:\Users\rufeng\Desktop\proj\vben-admin-thin-next-main\src\layouts\default\index.vue", "vue", 0, 81, 0, 0, 0, 0, 0, 12, 93
"c:\Users\rufeng\Desktop\proj\vben-admin-thin-next-main\src\layouts\default\menu\index.vue", "vue", 0, 170, 0, 0, 0, 0, 0, 28, 198
"c:\Users\rufeng\Desktop\proj\vben-admin-thin-next-main\src\layouts\default\menu\useLayoutMenu.ts", "TypeScript", 83, 0, 0, 0, 0, 0, 8, 19, 110
"c:\Users\rufeng\Desktop\proj\vben-admin-thin-next-main\src\layouts\default\setting\SettingDrawer.tsx", "TypeScript React", 0, 0, 387, 0, 0, 0, 3, 38, 428
"c:\Users\rufeng\Desktop\proj\vben-admin-thin-next-main\src\layouts\default\setting\components\InputNumberItem.vue", "vue", 0, 51, 0, 0, 0, 0, 0, 6, 57
"c:\Users\rufeng\Desktop\proj\vben-admin-thin-next-main\src\layouts\default\setting\components\SelectItem.vue", "vue", 0, 70, 0, 0, 0, 0, 0, 6, 76
"c:\Users\rufeng\Desktop\proj\vben-admin-thin-next-main\src\layouts\default\setting\components\SettingFooter.vue", "vue", 0, 89, 0, 0, 0, 0, 0, 11, 100
"c:\Users\rufeng\Desktop\proj\vben-admin-thin-next-main\src\layouts\default\setting\components\SwitchItem.vue", "vue", 0, 62, 0, 0, 0, 0, 0, 5, 67
"c:\Users\rufeng\Desktop\proj\vben-admin-thin-next-main\src\layouts\default\setting\components\ThemeColorPicker.vue", "vue", 0, 79, 0, 0, 0, 0, 0, 10, 89
"c:\Users\rufeng\Desktop\proj\vben-admin-thin-next-main\src\layouts\default\setting\components\TypePicker.vue", "vue", 0, 160, 0, 0, 0, 0, 0, 19, 179
"c:\Users\rufeng\Desktop\proj\vben-admin-thin-next-main\src\layouts\default\setting\components\index.ts", "TypeScript", 7, 0, 0, 0, 0, 0, 0, 2, 9
"c:\Users\rufeng\Desktop\proj\vben-admin-thin-next-main\src\layouts\default\setting\enum.ts", "TypeScript", 139, 0, 0, 0, 0, 0, 2, 16, 157
"c:\Users\rufeng\Desktop\proj\vben-admin-thin-next-main\src\layouts\default\setting\handler.ts", "TypeScript", 126, 0, 0, 0, 0, 0, 4, 45, 175
"c:\Users\rufeng\Desktop\proj\vben-admin-thin-next-main\src\layouts\default\setting\index.vue", "vue", 0, 23, 0, 0, 0, 0, 0, 4, 27
"c:\Users\rufeng\Desktop\proj\vben-admin-thin-next-main\src\layouts\default\sider\DragBar.vue", "vue", 0, 58, 0, 0, 0, 0, 0, 9, 67
"c:\Users\rufeng\Desktop\proj\vben-admin-thin-next-main\src\layouts\default\sider\LayoutSider.vue", "vue", 0, 158, 0, 0, 0, 0, 0, 28, 186
"c:\Users\rufeng\Desktop\proj\vben-admin-thin-next-main\src\layouts\default\sider\MixSider.vue", "vue", 0, 529, 0, 0, 0, 0, 0, 63, 592
"c:\Users\rufeng\Desktop\proj\vben-admin-thin-next-main\src\layouts\default\sider\index.vue", "vue", 0, 51, 0, 0, 0, 0, 0, 7, 58
"c:\Users\rufeng\Desktop\proj\vben-admin-thin-next-main\src\layouts\default\sider\useLayoutSider.ts", "TypeScript", 104, 0, 0, 0, 0, 0, 12, 24, 140
"c:\Users\rufeng\Desktop\proj\vben-admin-thin-next-main\src\layouts\default\tabs\components\FoldButton.vue", "vue", 0, 36, 0, 0, 0, 0, 0, 7, 43
"c:\Users\rufeng\Desktop\proj\vben-admin-thin-next-main\src\layouts\default\tabs\components\TabContent.vue", "vue", 0, 60, 0, 0, 0, 0, 0, 11, 71
"c:\Users\rufeng\Desktop\proj\vben-admin-thin-next-main\src\layouts\default\tabs\components\TabRedo.vue", "vue", 0, 29, 0, 0, 0, 0, 0, 5, 34
"c:\Users\rufeng\Desktop\proj\vben-admin-thin-next-main\src\layouts\default\tabs\index.less", "Less", 0, 0, 0, 153, 0, 0, 0, 29, 182
"c:\Users\rufeng\Desktop\proj\vben-admin-thin-next-main\src\layouts\default\tabs\index.vue", "vue", 0, 125, 0, 0, 0, 0, 0, 22, 147
"c:\Users\rufeng\Desktop\proj\vben-admin-thin-next-main\src\layouts\default\tabs\types.ts", "TypeScript", 21, 0, 0, 0, 0, 0, 0, 5, 26
"c:\Users\rufeng\Desktop\proj\vben-admin-thin-next-main\src\layouts\default\tabs\useMultipleTabs.ts", "TypeScript", 64, 0, 0, 0, 0, 0, 6, 9, 79
"c:\Users\rufeng\Desktop\proj\vben-admin-thin-next-main\src\layouts\default\tabs\useTabDropdown.ts", "TypeScript", 114, 0, 0, 0, 0, 0, 13, 14, 141
"c:\Users\rufeng\Desktop\proj\vben-admin-thin-next-main\src\layouts\default\trigger\HeaderTrigger.vue", "vue", 0, 24, 0, 0, 0, 0, 0, 2, 26
"c:\Users\rufeng\Desktop\proj\vben-admin-thin-next-main\src\layouts\default\trigger\SiderTrigger.vue", "vue", 0, 19, 0, 0, 0, 0, 0, 3, 22
"c:\Users\rufeng\Desktop\proj\vben-admin-thin-next-main\src\layouts\default\trigger\index.vue", "vue", 0, 21, 0, 0, 0, 0, 0, 2, 23
"c:\Users\rufeng\Desktop\proj\vben-admin-thin-next-main\src\layouts\iframe\index.vue", "vue", 0, 25, 0, 0, 0, 0, 0, 5, 30
"c:\Users\rufeng\Desktop\proj\vben-admin-thin-next-main\src\layouts\iframe\useFrameKeepAlive.ts", "TypeScript", 48, 0, 0, 0, 0, 0, 0, 12, 60
"c:\Users\rufeng\Desktop\proj\vben-admin-thin-next-main\src\layouts\page\index.vue", "vue", 0, 59, 0, 0, 0, 0, 0, 12, 71
"c:\Users\rufeng\Desktop\proj\vben-admin-thin-next-main\src\layouts\page\transition.ts", "TypeScript", 29, 0, 0, 0, 0, 0, 0, 5, 34
"c:\Users\rufeng\Desktop\proj\vben-admin-thin-next-main\src\locales\helper.ts", "TypeScript", 30, 0, 0, 0, 0, 0, 0, 8, 38
"c:\Users\rufeng\Desktop\proj\vben-admin-thin-next-main\src\locales\lang\en.ts", "TypeScript", 11, 0, 0, 0, 0, 0, 1, 2, 14
"c:\Users\rufeng\Desktop\proj\vben-admin-thin-next-main\src\locales\lang\en\common.ts", "TypeScript", 17, 0, 0, 0, 0, 0, 0, 4, 21
"c:\Users\rufeng\Desktop\proj\vben-admin-thin-next-main\src\locales\lang\en\component.ts", "TypeScript", 123, 0, 0, 0, 0, 0, 0, 7, 130
"c:\Users\rufeng\Desktop\proj\vben-admin-thin-next-main\src\locales\lang\en\layout.ts", "TypeScript", 92, 0, 0, 0, 0, 0, 6, 18, 116
"c:\Users\rufeng\Desktop\proj\vben-admin-thin-next-main\src\locales\lang\en\routes\basic.ts", "TypeScript", 4, 0, 0, 0, 0, 0, 0, 1, 5
"c:\Users\rufeng\Desktop\proj\vben-admin-thin-next-main\src\locales\lang\en\routes\dashboard.ts", "TypeScript", 6, 0, 0, 0, 0, 0, 0, 1, 7
"c:\Users\rufeng\Desktop\proj\vben-admin-thin-next-main\src\locales\lang\en\routes\demo.ts", "TypeScript", 174, 0, 0, 0, 0, 0, 0, 26, 200
"c:\Users\rufeng\Desktop\proj\vben-admin-thin-next-main\src\locales\lang\en\sys.ts", "TypeScript", 92, 0, 0, 0, 0, 0, 2, 11, 105
"c:\Users\rufeng\Desktop\proj\vben-admin-thin-next-main\src\locales\lang\zh-CN\common.ts", "TypeScript", 17, 0, 0, 0, 0, 0, 0, 4, 21
"c:\Users\rufeng\Desktop\proj\vben-admin-thin-next-main\src\locales\lang\zh-CN\component.ts", "TypeScript", 123, 0, 0, 0, 0, 0, 0, 12, 135
"c:\Users\rufeng\Desktop\proj\vben-admin-thin-next-main\src\locales\lang\zh-CN\layout.ts", "TypeScript", 91, 0, 0, 0, 0, 0, 7, 18, 116
"c:\Users\rufeng\Desktop\proj\vben-admin-thin-next-main\src\locales\lang\zh-CN\routes\basic.ts", "TypeScript", 4, 0, 0, 0, 0, 0, 0, 1, 5
"c:\Users\rufeng\Desktop\proj\vben-admin-thin-next-main\src\locales\lang\zh-CN\routes\dashboard.ts", "TypeScript", 6, 0, 0, 0, 0, 0, 0, 1, 7
"c:\Users\rufeng\Desktop\proj\vben-admin-thin-next-main\src\locales\lang\zh-CN\routes\demo.ts", "TypeScript", 173, 0, 0, 0, 0, 0, 0, 18, 191
"c:\Users\rufeng\Desktop\proj\vben-admin-thin-next-main\src\locales\lang\zh-CN\sys.ts", "TypeScript", 86, 0, 0, 0, 0, 0, 3, 11, 100
"c:\Users\rufeng\Desktop\proj\vben-admin-thin-next-main\src\locales\lang\zh_CN.ts", "TypeScript", 12, 0, 0, 0, 0, 0, 0, 2, 14
"c:\Users\rufeng\Desktop\proj\vben-admin-thin-next-main\src\locales\setupI18n.ts", "TypeScript", 36, 0, 0, 0, 0, 0, 1, 8, 45
"c:\Users\rufeng\Desktop\proj\vben-admin-thin-next-main\src\locales\useLocale.ts", "TypeScript", 54, 0, 0, 0, 0, 0, 5, 14, 73
"c:\Users\rufeng\Desktop\proj\vben-admin-thin-next-main\src\logics\error-handle\index.ts", "TypeScript", 137, 0, 0, 0, 0, 0, 32, 16, 185
"c:\Users\rufeng\Desktop\proj\vben-admin-thin-next-main\src\logics\initAppConfig.ts", "TypeScript", 62, 0, 0, 0, 0, 0, 10, 13, 85
"c:\Users\rufeng\Desktop\proj\vben-admin-thin-next-main\src\logics\mitt\routeChange.ts", "TypeScript", 21, 0, 0, 0, 0, 0, 3, 8, 32
"c:\Users\rufeng\Desktop\proj\vben-admin-thin-next-main\src\logics\theme\dark.ts", "TypeScript", 23, 0, 0, 0, 0, 0, 0, 2, 25
"c:\Users\rufeng\Desktop\proj\vben-admin-thin-next-main\src\logics\theme\index.ts", "TypeScript", 14, 0, 0, 0, 0, 0, 0, 4, 18
"c:\Users\rufeng\Desktop\proj\vben-admin-thin-next-main\src\logics\theme\updateBackground.ts", "TypeScript", 51, 0, 0, 0, 0, 0, 14, 11, 76
"c:\Users\rufeng\Desktop\proj\vben-admin-thin-next-main\src\logics\theme\updateColorWeak.ts", "TypeScript", 4, 0, 0, 0, 0, 0, 4, 2, 10
"c:\Users\rufeng\Desktop\proj\vben-admin-thin-next-main\src\logics\theme\updateGrayMode.ts", "TypeScript", 4, 0, 0, 0, 0, 0, 4, 2, 10
"c:\Users\rufeng\Desktop\proj\vben-admin-thin-next-main\src\logics\theme\util.ts", "TypeScript", 10, 0, 0, 0, 0, 0, 0, 2, 12
"c:\Users\rufeng\Desktop\proj\vben-admin-thin-next-main\src\main.ts", "TypeScript", 31, 0, 0, 0, 0, 0, 15, 14, 60
"c:\Users\rufeng\Desktop\proj\vben-admin-thin-next-main\src\router\constant.ts", "TypeScript", 13, 0, 0, 0, 0, 0, 6, 6, 25
"c:\Users\rufeng\Desktop\proj\vben-admin-thin-next-main\src\router\guard\index.ts", "TypeScript", 111, 0, 0, 0, 0, 0, 20, 17, 148
"c:\Users\rufeng\Desktop\proj\vben-admin-thin-next-main\src\router\guard\paramMenuGuard.ts", "TypeScript", 37, 0, 0, 0, 0, 0, 2, 9, 48
"c:\Users\rufeng\Desktop\proj\vben-admin-thin-next-main\src\router\guard\permissionGuard.ts", "TypeScript", 91, 0, 0, 0, 0, 0, 7, 21, 119
"c:\Users\rufeng\Desktop\proj\vben-admin-thin-next-main\src\router\guard\stateGuard.ts", "TypeScript", 22, 0, 0, 0, 0, 0, 1, 2, 25
"c:\Users\rufeng\Desktop\proj\vben-admin-thin-next-main\src\router\helper\menuHelper.ts", "TypeScript", 75, 0, 0, 0, 0, 0, 10, 11, 96
"c:\Users\rufeng\Desktop\proj\vben-admin-thin-next-main\src\router\helper\routeHelper.ts", "TypeScript", 139, 0, 0, 0, 0, 0, 9, 17, 165
"c:\Users\rufeng\Desktop\proj\vben-admin-thin-next-main\src\router\index.ts", "TypeScript", 28, 0, 0, 0, 0, 0, 4, 6, 38
"c:\Users\rufeng\Desktop\proj\vben-admin-thin-next-main\src\router\menus\index.ts", "TypeScript", 101, 0, 0, 0, 0, 0, 5, 21, 127
"c:\Users\rufeng\Desktop\proj\vben-admin-thin-next-main\src\router\routes\basic.ts", "TypeScript", 74, 0, 0, 0, 0, 0, 1, 4, 79
"c:\Users\rufeng\Desktop\proj\vben-admin-thin-next-main\src\router\routes\index.ts", "TypeScript", 36, 0, 0, 0, 0, 0, 1, 10, 47
"c:\Users\rufeng\Desktop\proj\vben-admin-thin-next-main\src\router\routes\mainOut.ts", "TypeScript", 3, 0, 0, 0, 0, 0, 7, 3, 13
"c:\Users\rufeng\Desktop\proj\vben-admin-thin-next-main\src\router\routes\modules\about.ts", "TypeScript", 28, 0, 0, 0, 0, 0, 7, 4, 39
"c:\Users\rufeng\Desktop\proj\vben-admin-thin-next-main\src\router\routes\modules\basedata.ts", "TypeScript", 173, 0, 0, 0, 0, 0, 0, 6, 179
"c:\Users\rufeng\Desktop\proj\vben-admin-thin-next-main\src\router\routes\modules\chart.ts", "TypeScript", 43, 0, 0, 0, 0, 0, 0, 3, 46
"c:\Users\rufeng\Desktop\proj\vben-admin-thin-next-main\src\router\routes\modules\dashboard.ts", "TypeScript", 33, 0, 0, 0, 0, 0, 1, 4, 38
"c:\Users\rufeng\Desktop\proj\vben-admin-thin-next-main\src\router\routes\modules\report.ts", "TypeScript", 34, 0, 0, 0, 0, 0, 7, 3, 44
"c:\Users\rufeng\Desktop\proj\vben-admin-thin-next-main\src\router\routes\modules\statistic.ts", "TypeScript", 34, 0, 0, 0, 0, 0, 7, 3, 44
"c:\Users\rufeng\Desktop\proj\vben-admin-thin-next-main\src\router\routes\modules\testcomp.ts", "TypeScript", 48, 0, 0, 0, 0, 0, 7, 4, 59
"c:\Users\rufeng\Desktop\proj\vben-admin-thin-next-main\src\router\types.ts", "TypeScript", 39, 0, 0, 0, 0, 0, 3, 17, 59
"c:\Users\rufeng\Desktop\proj\vben-admin-thin-next-main\src\settings\componentSetting.ts", "TypeScript", 31, 0, 0, 0, 0, 0, 18, 3, 52
"c:\Users\rufeng\Desktop\proj\vben-admin-thin-next-main\src\settings\designSetting.ts", "TypeScript", 40, 0, 0, 0, 0, 0, 3, 6, 49
"c:\Users\rufeng\Desktop\proj\vben-admin-thin-next-main\src\settings\encryptionSetting.ts", "TypeScript", 7, 0, 0, 0, 0, 0, 3, 4, 14
"c:\Users\rufeng\Desktop\proj\vben-admin-thin-next-main\src\settings\localeSetting.ts", "TypeScript", 22, 0, 0, 0, 0, 0, 4, 4, 30
"c:\Users\rufeng\Desktop\proj\vben-admin-thin-next-main\src\settings\projectSetting.ts", "TypeScript", 83, 0, 0, 0, 0, 0, 67, 31, 181
"c:\Users\rufeng\Desktop\proj\vben-admin-thin-next-main\src\settings\siteSetting.ts", "TypeScript", 3, 0, 0, 0, 0, 0, 3, 3, 9
"c:\Users\rufeng\Desktop\proj\vben-admin-thin-next-main\src\store\index.ts", "TypeScript", 7, 0, 0, 0, 0, 0, 0, 4, 11
"c:\Users\rufeng\Desktop\proj\vben-admin-thin-next-main\src\store\modules\app.ts", "TypeScript", 92, 0, 0, 0, 0, 0, 5, 12, 109
"c:\Users\rufeng\Desktop\proj\vben-admin-thin-next-main\src\store\modules\errorLog.ts", "TypeScript", 63, 0, 0, 0, 0, 0, 6, 9, 78
"c:\Users\rufeng\Desktop\proj\vben-admin-thin-next-main\src\store\modules\locale.ts", "TypeScript", 40, 0, 0, 0, 0, 0, 8, 8, 56
"c:\Users\rufeng\Desktop\proj\vben-admin-thin-next-main\src\store\modules\lock.ts", "TypeScript", 54, 0, 0, 0, 0, 0, 1, 5, 60
"c:\Users\rufeng\Desktop\proj\vben-admin-thin-next-main\src\store\modules\multipleTab.ts", "TypeScript", 276, 0, 0, 0, 0, 0, 46, 38, 360
"c:\Users\rufeng\Desktop\proj\vben-admin-thin-next-main\src\store\modules\permission.ts", "TypeScript", 170, 0, 0, 0, 0, 0, 21, 29, 220
"c:\Users\rufeng\Desktop\proj\vben-admin-thin-next-main\src\store\modules\user.ts", "TypeScript", 155, 0, 0, 0, 0, 0, 16, 5, 176
"c:\Users\rufeng\Desktop\proj\vben-admin-thin-next-main\src\utils\auth\index.ts", "TypeScript", 21, 0, 0, 0, 0, 0, 0, 6, 27
"c:\Users\rufeng\Desktop\proj\vben-admin-thin-next-main\src\utils\cache\index.ts", "TypeScript", 24, 0, 0, 0, 0, 0, 1, 8, 33
"c:\Users\rufeng\Desktop\proj\vben-admin-thin-next-main\src\utils\cache\memory.ts", "TypeScript", 79, 0, 0, 0, 0, 0, 9, 15, 103
"c:\Users\rufeng\Desktop\proj\vben-admin-thin-next-main\src\utils\cache\persistent.ts", "TypeScript", 108, 0, 0, 0, 0, 0, 2, 23, 133
"c:\Users\rufeng\Desktop\proj\vben-admin-thin-next-main\src\utils\cache\storageCache.ts", "TypeScript", 71, 0, 0, 0, 0, 0, 31, 13, 115
"c:\Users\rufeng\Desktop\proj\vben-admin-thin-next-main\src\utils\cipher.ts", "TypeScript", 46, 0, 0, 0, 0, 0, 0, 10, 56
"c:\Users\rufeng\Desktop\proj\vben-admin-thin-next-main\src\utils\color.ts", "TypeScript", 78, 0, 0, 0, 0, 0, 62, 12, 152
"c:\Users\rufeng\Desktop\proj\vben-admin-thin-next-main\src\utils\dateUtil.ts", "TypeScript", 13, 0, 0, 0, 0, 0, 3, 5, 21
"c:\Users\rufeng\Desktop\proj\vben-admin-thin-next-main\src\utils\domUtils.ts", "TypeScript", 138, 0, 0, 0, 0, 0, 19, 24, 181
"c:\Users\rufeng\Desktop\proj\vben-admin-thin-next-main\src\utils\env.ts", "TypeScript", 48, 0, 0, 0, 0, 0, 22, 14, 84
"c:\Users\rufeng\Desktop\proj\vben-admin-thin-next-main\src\utils\event\index.ts", "TypeScript", 34, 0, 0, 0, 0, 0, 3, 6, 43
"c:\Users\rufeng\Desktop\proj\vben-admin-thin-next-main\src\utils\factory\createAsyncComponent.tsx", "TypeScript React", 0, 0, 30, 0, 0, 0, 30, 4, 64
"c:\Users\rufeng\Desktop\proj\vben-admin-thin-next-main\src\utils\file\base64Conver.ts", "TypeScript", 32, 0, 0, 0, 0, 0, 7, 3, 42
"c:\Users\rufeng\Desktop\proj\vben-admin-thin-next-main\src\utils\file\download.ts", "TypeScript", 62, 0, 0, 0, 0, 0, 25, 10, 97
"c:\Users\rufeng\Desktop\proj\vben-admin-thin-next-main\src\utils\helper\treeHelper.ts", "TypeScript", 169, 0, 0, 0, 0, 0, 8, 13, 190
"c:\Users\rufeng\Desktop\proj\vben-admin-thin-next-main\src\utils\helper\tsxHelper.tsx", "TypeScript React", 0, 0, 25, 0, 0, 0, 8, 3, 36
"c:\Users\rufeng\Desktop\proj\vben-admin-thin-next-main\src\utils\http\axios\Axios.ts", "TypeScript", 203, 0, 0, 0, 0, 0, 28, 35, 266
"c:\Users\rufeng\Desktop\proj\vben-admin-thin-next-main\src\utils\http\axios\axiosCancel.ts", "TypeScript", 35, 0, 0, 0, 0, 0, 18, 8, 61
"c:\Users\rufeng\Desktop\proj\vben-admin-thin-next-main\src\utils\http\axios\axiosTransform.ts", "TypeScript", 19, 0, 0, 0, 0, 0, 25, 9, 53
"c:\Users\rufeng\Desktop\proj\vben-admin-thin-next-main\src\utils\http\axios\checkStatus.ts", "TypeScript", 70, 0, 0, 0, 0, 0, 6, 5, 81
"c:\Users\rufeng\Desktop\proj\vben-admin-thin-next-main\src\utils\http\axios\helper.ts", "TypeScript", 39, 0, 0, 0, 0, 0, 3, 6, 48
"c:\Users\rufeng\Desktop\proj\vben-admin-thin-next-main\src\utils\http\axios\index.ts", "TypeScript", 141, 0, 0, 0, 0, 0, 88, 21, 250
"c:\Users\rufeng\Desktop\proj\vben-admin-thin-next-main\src\utils\index.ts", "TypeScript", 64, 0, 0, 0, 0, 0, 14, 14, 92
"c:\Users\rufeng\Desktop\proj\vben-admin-thin-next-main\src\utils\is.ts", "TypeScript", 74, 0, 0, 0, 0, 0, 0, 26, 100
"c:\Users\rufeng\Desktop\proj\vben-admin-thin-next-main\src\utils\lib\echarts.ts", "TypeScript", 50, 0, 0, 0, 0, 0, 0, 6, 56
"c:\Users\rufeng\Desktop\proj\vben-admin-thin-next-main\src\utils\log.ts", "TypeScript", 7, 0, 0, 0, 0, 0, 0, 3, 10
"c:\Users\rufeng\Desktop\proj\vben-admin-thin-next-main\src\utils\mitt.ts", "TypeScript", 46, 0, 0, 0, 0, 0, 41, 15, 102
"c:\Users\rufeng\Desktop\proj\vben-admin-thin-next-main\src\utils\propTypes.ts", "TypeScript", 29, 0, 0, 0, 0, 0, 1, 5, 35
"c:\Users\rufeng\Desktop\proj\vben-admin-thin-next-main\src\utils\uuid.ts", "TypeScript", 26, 0, 0, 0, 0, 0, 0, 3, 29
"c:\Users\rufeng\Desktop\proj\vben-admin-thin-next-main\src\views\about\About.vue", "vue", 0, 2, 0, 0, 0, 0, 0, 1, 3
"c:\Users\rufeng\Desktop\proj\vben-admin-thin-next-main\src\views\basedata\ExcelModal.vue", "vue", 0, 75, 0, 0, 0, 0, 7, 3, 85
"c:\Users\rufeng\Desktop\proj\vben-admin-thin-next-main\src\views\basedata\account\AccountDetail.vue", "vue", 0, 58, 0, 0, 0, 0, 0, 5, 63
"c:\Users\rufeng\Desktop\proj\vben-admin-thin-next-main\src\views\basedata\account\Admin.vue", "vue", 0, 165, 0, 0, 0, 0, 7, 11, 183
"c:\Users\rufeng\Desktop\proj\vben-admin-thin-next-main\src\views\basedata\account\CollegeTree.vue", "vue", 0, 42, 0, 0, 0, 0, 0, 1, 43
"c:\Users\rufeng\Desktop\proj\vben-admin-thin-next-main\src\views\basedata\account\DeptTree.vue", "vue", 0, 36, 0, 0, 0, 0, 0, 7, 43
"c:\Users\rufeng\Desktop\proj\vben-admin-thin-next-main\src\views\basedata\account\UserModal.vue", "vue", 0, 210, 0, 0, 0, 0, 0, 10, 220
"c:\Users\rufeng\Desktop\proj\vben-admin-thin-next-main\src\views\basedata\account\account.data.ts", "TypeScript", 122, 0, 0, 0, 0, 0, 0, 6, 128
"c:\Users\rufeng\Desktop\proj\vben-admin-thin-next-main\src\views\basedata\account\index.vue", "vue", 0, 125, 0, 0, 0, 0, 0, 12, 137
"c:\Users\rufeng\Desktop\proj\vben-admin-thin-next-main\src\views\basedata\class\ClassDetail.vue", "vue", 0, 15, 0, 0, 0, 0, 7, 3, 25
"c:\Users\rufeng\Desktop\proj\vben-admin-thin-next-main\src\views\basedata\class\index.vue", "vue", 0, 151, 0, 0, 0, 0, 7, 3, 161
"c:\Users\rufeng\Desktop\proj\vben-admin-thin-next-main\src\views\basedata\college\CollegeDetail.vue", "vue", 0, 15, 0, 0, 0, 0, 7, 1, 23
"c:\Users\rufeng\Desktop\proj\vben-admin-thin-next-main\src\views\basedata\college\index.vue", "vue", 0, 143, 0, 0, 0, 0, 7, 2, 152
"c:\Users\rufeng\Desktop\proj\vben-admin-thin-next-main\src\views\basedata\measurement\Detail.vue", "vue", 0, 291, 0, 0, 0, 0, 0, 5, 296
"c:\Users\rufeng\Desktop\proj\vben-admin-thin-next-main\src\views\basedata\measurement\MesurementModal.vue", "vue", 0, 111, 0, 0, 0, 0, 0, 8, 119
"c:\Users\rufeng\Desktop\proj\vben-admin-thin-next-main\src\views\basedata\measurement\data.tsx", "TypeScript React", 0, 0, 23, 0, 0, 0, 0, 1, 24
"c:\Users\rufeng\Desktop\proj\vben-admin-thin-next-main\src\views\basedata\measurement\index.vue", "vue", 0, 392, 0, 0, 0, 0, 0, 16, 408
"c:\Users\rufeng\Desktop\proj\vben-admin-thin-next-main\src\views\basedata\profile\AccountBind.vue", "vue", 0, 56, 0, 0, 0, 0, 0, 4, 60
"c:\Users\rufeng\Desktop\proj\vben-admin-thin-next-main\src\views\basedata\profile\BaseSetting.vue", "vue", 0, 86, 0, 0, 0, 0, 0, 10, 96
"c:\Users\rufeng\Desktop\proj\vben-admin-thin-next-main\src\views\basedata\profile\MsgNotify.vue", "vue", 0, 51, 0, 0, 0, 0, 0, 3, 54
"c:\Users\rufeng\Desktop\proj\vben-admin-thin-next-main\src\views\basedata\profile\SecureSetting.vue", "vue", 0, 45, 0, 0, 0, 0, 0, 3, 48
"c:\Users\rufeng\Desktop\proj\vben-admin-thin-next-main\src\views\basedata\profile\data.ts", "TypeScript", 138, 0, 0, 0, 0, 0, 5, 7, 150
"c:\Users\rufeng\Desktop\proj\vben-admin-thin-next-main\src\views\basedata\profile\index.vue", "vue", 0, 55, 0, 0, 0, 0, 0, 7, 62
"c:\Users\rufeng\Desktop\proj\vben-admin-thin-next-main\src\views\basedata\student\Line.vue", "vue", 0, 121, 0, 0, 0, 0, 0, 3, 124
"c:\Users\rufeng\Desktop\proj\vben-admin-thin-next-main\src\views\basedata\student\SaleRadar.vue", "vue", 0, 111, 0, 0, 0, 0, 0, 4, 115
"c:\Users\rufeng\Desktop\proj\vben-admin-thin-next-main\src\views\basedata\student\StudentDetail.vue", "vue", 0, 260, 0, 0, 0, 0, 20, 11, 291
"c:\Users\rufeng\Desktop\proj\vben-admin-thin-next-main\src\views\basedata\student\data.ts", "TypeScript", 187, 0, 0, 0, 0, 0, 0, 3, 190
"c:\Users\rufeng\Desktop\proj\vben-admin-thin-next-main\src\views\basedata\student\index.vue", "vue", 0, 197, 0, 0, 0, 0, 7, 10, 214
"c:\Users\rufeng\Desktop\proj\vben-admin-thin-next-main\src\views\basedata\student\prop.ts", "TypeScript", 8, 0, 0, 0, 0, 0, 0, 2, 10
"c:\Users\rufeng\Desktop\proj\vben-admin-thin-next-main\src\views\basedata\subject\group\add\index.vue", "vue", 0, 307, 0, 0, 0, 0, 0, 9, 316
"c:\Users\rufeng\Desktop\proj\vben-admin-thin-next-main\src\views\basedata\subject\group\data.tsx", "TypeScript React", 0, 0, 34, 0, 0, 0, 0, 4, 38
"c:\Users\rufeng\Desktop\proj\vben-admin-thin-next-main\src\views\basedata\subject\group\index.vue", "vue", 0, 228, 0, 0, 0, 0, 0, 13, 241
"c:\Users\rufeng\Desktop\proj\vben-admin-thin-next-main\src\views\basedata\subject\index.vue", "vue", 0, 149, 0, 0, 0, 0, 0, 3, 152
"c:\Users\rufeng\Desktop\proj\vben-admin-thin-next-main\src\views\basedata\subject\step\Step1.vue", "vue", 0, 34, 0, 0, 0, 0, 0, 2, 36
"c:\Users\rufeng\Desktop\proj\vben-admin-thin-next-main\src\views\basedata\subject\step\Step2.vue", "vue", 0, 266, 0, 0, 0, 0, 0, 13, 279
"c:\Users\rufeng\Desktop\proj\vben-admin-thin-next-main\src\views\basedata\subject\step\Step3.vue", "vue", 0, 86, 0, 0, 0, 0, 0, 2, 88
"c:\Users\rufeng\Desktop\proj\vben-admin-thin-next-main\src\views\basedata\subject\step\TagAdd.vue", "vue", 0, 97, 0, 0, 0, 0, 7, 6, 110
"c:\Users\rufeng\Desktop\proj\vben-admin-thin-next-main\src\views\basedata\subject\step\data.tsx", "TypeScript React", 0, 0, 82, 0, 0, 0, 0, 8, 90
"c:\Users\rufeng\Desktop\proj\vben-admin-thin-next-main\src\views\basedata\subject\step\index.vue", "vue", 0, 103, 0, 0, 0, 0, 0, 11, 114
"c:\Users\rufeng\Desktop\proj\vben-admin-thin-next-main\src\views\chart\Class.vue", "vue", 0, 2, 0, 0, 0, 0, 7, 1, 10
"c:\Users\rufeng\Desktop\proj\vben-admin-thin-next-main\src\views\chart\College.vue", "vue", 0, 2, 0, 0, 0, 0, 7, 1, 10
"c:\Users\rufeng\Desktop\proj\vben-admin-thin-next-main\src\views\chart\Student.vue", "vue", 0, 2, 0, 0, 0, 0, 7, 1, 10
"c:\Users\rufeng\Desktop\proj\vben-admin-thin-next-main\src\views\dashboard\analysis\components\GrowCard.vue", "vue", 0, 33, 0, 0, 0, 0, 7, 4, 44
"c:\Users\rufeng\Desktop\proj\vben-admin-thin-next-main\src\views\dashboard\analysis\components\SalesProductPie.vue", "vue", 0, 60, 0, 0, 0, 0, 0, 4, 64
"c:\Users\rufeng\Desktop\proj\vben-admin-thin-next-main\src\views\dashboard\analysis\components\SiteAnalysis.vue", "vue", 0, 35, 0, 0, 0, 0, 0, 4, 39
"c:\Users\rufeng\Desktop\proj\vben-admin-thin-next-main\src\views\dashboard\analysis\components\VisitAnalysis.vue", "vue", 0, 104, 0, 0, 0, 0, 0, 3, 107
"c:\Users\rufeng\Desktop\proj\vben-admin-thin-next-main\src\views\dashboard\analysis\components\VisitAnalysisBar.vue", "vue", 0, 56, 0, 0, 0, 0, 0, 3, 59
"c:\Users\rufeng\Desktop\proj\vben-admin-thin-next-main\src\views\dashboard\analysis\components\VisitRadar.vue", "vue", 0, 98, 0, 0, 0, 0, 0, 3, 101
"c:\Users\rufeng\Desktop\proj\vben-admin-thin-next-main\src\views\dashboard\analysis\components\VisitSource.vue", "vue", 0, 80, 0, 0, 0, 0, 0, 1, 81
"c:\Users\rufeng\Desktop\proj\vben-admin-thin-next-main\src\views\dashboard\analysis\components\props.ts", "TypeScript", 15, 0, 0, 0, 0, 0, 0, 2, 17
"c:\Users\rufeng\Desktop\proj\vben-admin-thin-next-main\src\views\dashboard\analysis\data.ts", "TypeScript", 42, 0, 0, 0, 0, 0, 0, 2, 44
"c:\Users\rufeng\Desktop\proj\vben-admin-thin-next-main\src\views\dashboard\analysis\index.vue", "vue", 0, 23, 0, 0, 0, 0, 0, 3, 26
"c:\Users\rufeng\Desktop\proj\vben-admin-thin-next-main\src\views\dashboard\workbench\components\DynamicInfo.vue", "vue", 0, 29, 0, 0, 0, 0, 1, 2, 32
"c:\Users\rufeng\Desktop\proj\vben-admin-thin-next-main\src\views\dashboard\workbench\components\ProjectCard.vue", "vue", 0, 32, 0, 0, 0, 0, 0, 3, 35
"c:\Users\rufeng\Desktop\proj\vben-admin-thin-next-main\src\views\dashboard\workbench\components\QuickNav.vue", "vue", 0, 18, 0, 0, 0, 0, 0, 2, 20
"c:\Users\rufeng\Desktop\proj\vben-admin-thin-next-main\src\views\dashboard\workbench\components\SaleRadar.vue", "vue", 0, 98, 0, 0, 0, 0, 0, 3, 101
"c:\Users\rufeng\Desktop\proj\vben-admin-thin-next-main\src\views\dashboard\workbench\components\WorkbenchHeader.vue", "vue", 0, 31, 0, 0, 0, 0, 0, 3, 34
"c:\Users\rufeng\Desktop\proj\vben-admin-thin-next-main\src\views\dashboard\workbench\components\data.ts", "TypeScript", 151, 0, 0, 0, 0, 0, 0, 6, 157
"c:\Users\rufeng\Desktop\proj\vben-admin-thin-next-main\src\views\dashboard\workbench\index.vue", "vue", 0, 32, 0, 0, 0, 0, 0, 5, 37
"c:\Users\rufeng\Desktop\proj\vben-admin-thin-next-main\src\views\report\Index.vue", "vue", 0, 2, 0, 0, 0, 0, 7, 1, 10
"c:\Users\rufeng\Desktop\proj\vben-admin-thin-next-main\src\views\report\Track.vue", "vue", 0, 2, 0, 0, 0, 0, 7, 1, 10
"c:\Users\rufeng\Desktop\proj\vben-admin-thin-next-main\src\views\statistic\Class.vue", "vue", 0, 2, 0, 0, 0, 0, 7, 1, 10
"c:\Users\rufeng\Desktop\proj\vben-admin-thin-next-main\src\views\statistic\College.vue", "vue", 0, 2, 0, 0, 0, 0, 7, 1, 10
"c:\Users\rufeng\Desktop\proj\vben-admin-thin-next-main\src\views\sys\about\index.vue", "vue", 0, 87, 0, 0, 0, 0, 0, 12, 99
"c:\Users\rufeng\Desktop\proj\vben-admin-thin-next-main\src\views\sys\error-log\DetailModal.vue", "vue", 0, 24, 0, 0, 0, 0, 0, 4, 28
"c:\Users\rufeng\Desktop\proj\vben-admin-thin-next-main\src\views\sys\error-log\data.tsx", "TypeScript React", 0, 0, 64, 0, 0, 0, 0, 4, 68
"c:\Users\rufeng\Desktop\proj\vben-admin-thin-next-main\src\views\sys\error-log\index.vue", "vue", 0, 85, 0, 0, 0, 0, 0, 8, 93
"c:\Users\rufeng\Desktop\proj\vben-admin-thin-next-main\src\views\sys\exception\Exception.vue", "vue", 0, 131, 0, 0, 0, 0, 0, 18, 149
"c:\Users\rufeng\Desktop\proj\vben-admin-thin-next-main\src\views\sys\exception\index.ts", "TypeScript", 1, 0, 0, 0, 0, 0, 0, 1, 2
"c:\Users\rufeng\Desktop\proj\vben-admin-thin-next-main\src\views\sys\iframe\FrameBlank.vue", "vue", 0, 9, 0, 0, 0, 0, 0, 1, 10
"c:\Users\rufeng\Desktop\proj\vben-admin-thin-next-main\src\views\sys\iframe\index.vue", "vue", 0, 80, 0, 0, 0, 0, 0, 11, 91
"c:\Users\rufeng\Desktop\proj\vben-admin-thin-next-main\src\views\sys\lock\LockPage.vue", "vue", 0, 225, 0, 0, 0, 0, 0, 26, 251
"c:\Users\rufeng\Desktop\proj\vben-admin-thin-next-main\src\views\sys\lock\index.vue", "vue", 0, 12, 0, 0, 0, 0, 0, 2, 14
"c:\Users\rufeng\Desktop\proj\vben-admin-thin-next-main\src\views\sys\lock\useNow.ts", "TypeScript", 52, 0, 0, 0, 0, 0, 0, 12, 64
"c:\Users\rufeng\Desktop\proj\vben-admin-thin-next-main\src\views\sys\login\ForgetPasswordForm.vue", "vue", 0, 57, 0, 0, 0, 0, 0, 8, 65
"c:\Users\rufeng\Desktop\proj\vben-admin-thin-next-main\src\views\sys\login\Login.vue", "vue", 0, 202, 0, 0, 0, 0, 0, 30, 232
"c:\Users\rufeng\Desktop\proj\vben-admin-thin-next-main\src\views\sys\login\LoginForm.vue", "vue", 0, 109, 0, 0, 0, 0, 14, 12, 135
"c:\Users\rufeng\Desktop\proj\vben-admin-thin-next-main\src\views\sys\login\LoginFormTitle.vue", "vue", 0, 22, 0, 0, 0, 0, 0, 4, 26
"c:\Users\rufeng\Desktop\proj\vben-admin-thin-next-main\src\views\sys\login\MobileForm.vue", "vue", 0, 56, 0, 0, 0, 0, 0, 8, 64
"c:\Users\rufeng\Desktop\proj\vben-admin-thin-next-main\src\views\sys\login\QrCodeForm.vue", "vue", 0, 28, 0, 0, 0, 0, 0, 4, 32
"c:\Users\rufeng\Desktop\proj\vben-admin-thin-next-main\src\views\sys\login\RegisterForm.vue", "vue", 0, 95, 0, 0, 0, 0, 1, 9, 105
"c:\Users\rufeng\Desktop\proj\vben-admin-thin-next-main\src\views\sys\login\SessionTimeoutLogin.vue", "vue", 0, 48, 0, 0, 0, 0, 0, 6, 54
"c:\Users\rufeng\Desktop\proj\vben-admin-thin-next-main\src\views\sys\login\useLogin.ts", "TypeScript", 96, 0, 0, 0, 0, 0, 4, 19, 119
"c:\Users\rufeng\Desktop\proj\vben-admin-thin-next-main\src\views\sys\redirect\index.vue", "vue", 0, 25, 0, 0, 0, 0, 0, 6, 31
"c:\Users\rufeng\Desktop\proj\vben-admin-thin-next-main\src\views\testcomp\TestButton.vue", "vue", 0, 102, 0, 0, 0, 0, 4, 7, 113
"c:\Users\rufeng\Desktop\proj\vben-admin-thin-next-main\src\views\testcomp\TestSelect.vue", "vue", 0, 21, 0, 0, 0, 0, 7, 3, 31
"c:\Users\rufeng\Desktop\proj\vben-admin-thin-next-main\src\views\testcomp\TestTree.vue", "vue", 0, 64, 0, 0, 0, 0, 0, 5, 69
"c:\Users\rufeng\Desktop\proj\vben-admin-thin-next-main\src\views\testcomp\form\TestBasicForm.vue", "vue", 0, 55, 0, 0, 0, 0, 7, 1, 63
"Total", "-", 17308, 22692, 1068, 1682, 133, 409, 2723, 5876, 51891